gene	length_nt	header
RPL22	387	lcl|NC_000001.11_cds_NP_000974.1_588 [gene=RPL22] [db_xref=CCDS:CCDS58.1,Ensembl:ENSP00000346088.3,GeneID:6146] [protein=large ribosomal subunit protein eL22] [protein_id=NP_000974.1] [location=complement(join(6186672..6186816,6192930..6193054,6197652..6197756,6199562..6199573))] [gbkey=CDS]
RPL11	537	lcl|NC_000001.11_cds_NP_000966.2_2096 [gene=RPL11] [db_xref=CCDS:CCDS238.1,Ensembl:ENSP00000496250.1,GeneID:6135] [protein=large ribosomal subunit protein uL5 isoform 1] [protein_id=NP_000966.2] [location=join(23691824..23691829,23692609..23692759,23693807..23693913,23694660..23694791,23695798..23695908,23696344..23696373)] [gbkey=CDS]
RPL11	534	lcl|NC_000001.11_cds_NP_001186731.1_2097 [gene=RPL11] [db_xref=CCDS:CCDS85940.1,GeneID:6135] [protein=large ribosomal subunit protein uL5 isoform 2] [protein_id=NP_001186731.1] [location=join(23691824..23691829,23692612..23692759,23693807..23693913,23694660..23694791,23695798..23695908,23696344..23696373)] [gbkey=CDS]
RPS6KA1	2208	lcl|NC_000001.11_cds_NP_002944.2_2391 [gene=RPS6KA1] [db_xref=CCDS:CCDS284.1,Ensembl:ENSP00000363283.2,GeneID:6195] [protein=ribosomal protein S6 kinase alpha-1 isoform a] [protein_id=NP_002944.2] [location=join(26529921..26529983,26536925..26536969,26546867..26546983,26547189..26547270,26551397..26551477,26551644..26551723,26553391..26553497,26554214..26554251,26554596..26554738,26555151..26555221,26555537..26555625,26556654..26556718,26556998..26557100,26558807..26558937,26560726..26560851,26561045..26561134,26561505..26561663,26571449..26571610,26571849..26571925,26572176..26572293,26573224..26573361,26574079..26574201)] [gbkey=CDS]
RPS6KA1	2160	lcl|NC_000001.11_cds_NP_001317370.1_2392 [gene=RPS6KA1] [db_xref=CCDS:CCDS81286.1,GeneID:6195] [protein=ribosomal protein S6 kinase alpha-1 isoform c] [protein_id=NP_001317370.1] [location=join(26543162..26543221,26546867..26546983,26547189..26547270,26551397..26551477,26551644..26551723,26553391..26553497,26554214..26554251,26554596..26554738,26555151..26555221,26555537..26555625,26556654..26556718,26556998..26557100,26558807..26558937,26560726..26560851,26561045..26561134,26561505..26561663,26571449..26571610,26571849..26571925,26572176..26572293,26573224..26573361,26574079..26574201)] [gbkey=CDS]
RPS6KA1	2235	lcl|NC_000001.11_cds_NP_001006666.1_2393 [gene=RPS6KA1] [db_xref=CCDS:CCDS30649.1,GeneID:6195] [protein=ribosomal protein S6 kinase alpha-1 isoform b] [protein_id=NP_001006666.1] [location=join(26545901..26546035,26546867..26546983,26547189..26547270,26551397..26551477,26551644..26551723,26553391..26553497,26554214..26554251,26554596..26554738,26555151..26555221,26555537..26555625,26556654..26556718,26556998..26557100,26558807..26558937,26560726..26560851,26561045..26561134,26561505..26561663,26571449..26571610,26571849..26571925,26572176..26572293,26573224..26573361,26574079..26574201)] [gbkey=CDS]
RPS6KA1	1755	lcl|NC_000001.11_cds_XP_047283214.1_2394 [gene=RPS6KA1] [db_xref=GeneID:6195] [protein=ribosomal protein S6 kinase alpha-1 isoform X1] [protein_id=XP_047283214.1] [location=join(26545901..26546035,26546867..26546983,26547189..26547270,26551397..26551477,26551644..26551723,26553391..26553497,26554214..26554251,26554596..26554738,26555151..26555221,26555537..26555625,26556654..26556718,26556998..26557100,26558807..26558937,26560726..26560851,26561045..26561134,26561505..26561663,26565347..26565484)] [gbkey=CDS]
RPS6KA1	1932	lcl|NC_000001.11_cds_XP_024304639.1_2395 [gene=RPS6KA1] [db_xref=GeneID:6195] [protein=ribosomal protein S6 kinase alpha-1 isoform X2] [protein_id=XP_024304639.1] [location=join(26547240..26547270,26551397..26551477,26551644..26551723,26553391..26553497,26554214..26554251,26554596..26554738,26555151..26555221,26555537..26555625,26556654..26556718,26556998..26557100,26558807..26558937,26560726..26560851,26561045..26561134,26561505..26561663,26571449..26571610,26571849..26571925,26572176..26572293,26573224..26573361,26574079..26574201)] [gbkey=CDS]
RPS8	627	lcl|NC_000001.11_cds_NP_001003.1_3929 [gene=RPS8] [db_xref=CCDS:CCDS513.1,Ensembl:ENSP00000379888.3,GeneID:6202] [protein=small ribosomal subunit protein eS8] [protein_id=NP_001003.1] [location=join(44775597..44775600,44776034..44776140,44776675..44776774,44777614..44777789,44778000..44778129,44778576..44778685)] [gbkey=CDS]
RPL5	894	lcl|NC_000001.11_cds_NP_000960.2_5940 [gene=RPL5] [db_xref=CCDS:CCDS741.1,Ensembl:ENSP00000359345.2,GeneID:6125] [protein=large ribosomal subunit protein uL18] [protein_id=NP_000960.2] [location=join(92832115..92832117,92833389..92833458,92833545..92833660,92834779..92834913,92836190..92836392,92837456..92837633,92840551..92840639,92841766..92841865)] [gbkey=CDS]
RPS27	255	lcl|NC_000001.11_cds_NP_001021.1_8089 [gene=RPS27] [db_xref=CCDS:CCDS1059.1,Ensembl:ENSP00000499044.1,GeneID:6232] [protein=small ribosomal subunit protein eS27 isoform 1] [protein_id=NP_001021.1] [location=join(153990797..153990802,153991115..153991223,153991566..153991676,153992065..153992093)] [gbkey=CDS]
RPS27	159	lcl|NC_000001.11_cds_NP_001336876.1_8090 [gene=RPS27] [db_xref=GeneID:6232] [protein=small ribosomal subunit protein eS27 isoform 2] [protein_id=NP_001336876.1] [location=join(153991205..153991223,153991566..153991676,153992065..153992093)] [gbkey=CDS]
RPS27	159	lcl|NC_000001.11_cds_NP_001336875.1_8091 [gene=RPS27] [db_xref=GeneID:6232] [protein=small ribosomal subunit protein eS27 isoform 2] [protein_id=NP_001336875.1] [location=join(153991205..153991223,153991566..153991676,153992065..153992093)] [gbkey=CDS]
RPS6KC1	3003	lcl|NC_000001.11_cds_XP_047273892.1_11530 [gene=RPS6KC1] [db_xref=GeneID:26750] [protein=ribosomal protein S6 kinase delta-1 isoform X5] [protein_id=XP_047273892.1] [location=join(213051405..213051509,213071006..213071041,213077696..213077816,213104454..213104569,213117317..213117410,213129527..213129889,213167858..213167973,213230497..213230544,213232123..213232255,213240702..213242297,213242569..213242658,213261558..213261640,213262721..213262816,213378733..213378738)] [gbkey=CDS]
RPS6KC1	3201	lcl|NC_000001.11_cds_NP_036556.2_11531 [gene=RPS6KC1] [db_xref=CCDS:CCDS1513.1,Ensembl:ENSP00000355927.3,GeneID:26750] [protein=ribosomal protein S6 kinase delta-1 isoform a] [protein_id=NP_036556.2] [location=join(213051405..213051509,213071006..213071041,213077696..213077816,213104454..213104569,213117317..213117410,213129527..213129889,213167858..213167973,213176400..213176492,213230497..213230544,213232123..213232255,213240702..213242297,213242569..213242658,213261558..213261640,213262721..213262816,213272524..213272634)] [gbkey=CDS]
RPS6KC1	3108	lcl|NC_000001.11_cds_NP_001336575.1_11532 [gene=RPS6KC1] [db_xref=GeneID:26750] [protein=ribosomal protein S6 kinase delta-1 isoform f] [protein_id=NP_001336575.1] [location=join(213051405..213051509,213071006..213071041,213077696..213077816,213104454..213104569,213117317..213117410,213129527..213129889,213167858..213167973,213230497..213230544,213232123..213232255,213240702..213242297,213242569..213242658,213261558..213261640,213262721..213262816,213272524..213272634)] [gbkey=CDS]
RPS6KC1	2838	lcl|NC_000001.11_cds_NP_001336576.1_11533 [gene=RPS6KC1] [db_xref=GeneID:26750] [protein=ribosomal protein S6 kinase delta-1 isoform g] [protein_id=NP_001336576.1] [location=join(213051405..213051509,213071006..213071041,213077696..213077816,213104454..213104569,213117317..213117410,213167858..213167973,213176400..213176492,213230497..213230544,213232123..213232255,213240702..213242297,213242569..213242658,213261558..213261640,213262721..213262816,213272524..213272634)] [gbkey=CDS]
RPS6KC1	2745	lcl|NC_000001.11_cds_XP_047273896.1_11534 [gene=RPS6KC1] [db_xref=GeneID:26750] [protein=ribosomal protein S6 kinase delta-1 isoform X7] [protein_id=XP_047273896.1] [location=join(213051405..213051509,213071006..213071041,213077696..213077816,213104454..213104569,213117317..213117410,213167858..213167973,213230497..213230544,213232123..213232255,213240702..213242297,213242569..213242658,213261558..213261640,213262721..213262816,213272524..213272634)] [gbkey=CDS]
RPS6KC1	3165	lcl|NC_000001.11_cds_NP_001129610.1_11535 [gene=RPS6KC1] [db_xref=CCDS:CCDS44317.1,GeneID:26750] [protein=ribosomal protein S6 kinase delta-1 isoform b] [protein_id=NP_001129610.1] [location=join(213051405..213051509,213077696..213077816,213104454..213104569,213117317..213117410,213129527..213129889,213167858..213167973,213176400..213176492,213230497..213230544,213232123..213232255,213240702..213242297,213242569..213242658,213261558..213261640,213262721..213262816,213272524..213272634)] [gbkey=CDS]
RPS6KC1	3072	lcl|NC_000001.11_cds_XP_047273889.1_11536 [gene=RPS6KC1] [db_xref=GeneID:26750] [protein=ribosomal protein S6 kinase delta-1 isoform X4] [protein_id=XP_047273889.1] [location=join(213051405..213051509,213077696..213077816,213104454..213104569,213117317..213117410,213129527..213129889,213167858..213167973,213230497..213230544,213232123..213232255,213240702..213242297,213242569..213242658,213261558..213261640,213262721..213262816,213272524..213272634)] [gbkey=CDS]
RPS6KC1	2802	lcl|NC_000001.11_cds_XP_047273895.1_11537 [gene=RPS6KC1] [db_xref=GeneID:26750] [protein=ribosomal protein S6 kinase delta-1 isoform X6] [protein_id=XP_047273895.1] [location=join(213051405..213051509,213077696..213077816,213104454..213104569,213117317..213117410,213167858..213167973,213176400..213176492,213230497..213230544,213232123..213232255,213240702..213242297,213242569..213242658,213261558..213261640,213262721..213262816,213272524..213272634)] [gbkey=CDS]
RPS6KC1	2709	lcl|NC_000001.11_cds_XP_047273901.1_11538 [gene=RPS6KC1] [db_xref=GeneID:26750] [protein=ribosomal protein S6 kinase delta-1 isoform X8] [protein_id=XP_047273901.1] [location=join(213051405..213051509,213077696..213077816,213104454..213104569,213117317..213117410,213167858..213167973,213230497..213230544,213232123..213232255,213240702..213242297,213242569..213242658,213261558..213261640,213262721..213262816,213272524..213272634)] [gbkey=CDS]
RPS6KC1	3150	lcl|NC_000001.11_cds_XP_016856513.2_11539 [gene=RPS6KC1] [db_xref=GeneID:26750] [protein=ribosomal protein S6 kinase delta-1 isoform X3] [protein_id=XP_016856513.2] [location=join(213061369..213061527,213071006..213071041,213077696..213077816,213104454..213104569,213117317..213117410,213129527..213129889,213167858..213167973,213176400..213176492,213230497..213230544,213232123..213232255,213240702..213242297,213242569..213242658,213261558..213261640,213262721..213262816,213378733..213378738)] [gbkey=CDS]
RPS6KC1	3255	lcl|NC_000001.11_cds_XP_047273868.1_11540 [gene=RPS6KC1] [db_xref=GeneID:26750] [protein=ribosomal protein S6 kinase delta-1 isoform X1] [protein_id=XP_047273868.1] [location=join(213061369..213061527,213071006..213071041,213077696..213077816,213104454..213104569,213117317..213117410,213129527..213129889,213167858..213167973,213176400..213176492,213230497..213230544,213232123..213232255,213240702..213242297,213242569..213242658,213261558..213261640,213262721..213262816,213272524..213272634)] [gbkey=CDS]
RPS6KC1	3162	lcl|NC_000001.11_cds_XP_047273875.1_11541 [gene=RPS6KC1] [db_xref=GeneID:26750] [protein=ribosomal protein S6 kinase delta-1 isoform X2] [protein_id=XP_047273875.1] [location=join(213061369..213061527,213071006..213071041,213077696..213077816,213104454..213104569,213117317..213117410,213129527..213129889,213167858..213167973,213230497..213230544,213232123..213232255,213240702..213242297,213242569..213242658,213261558..213261640,213262721..213262816,213272524..213272634)] [gbkey=CDS]
RPS6KC1	2658	lcl|NC_000001.11_cds_NP_001336578.1_11542 [gene=RPS6KC1] [db_xref=CCDS:CCDS73028.1,GeneID:26750] [protein=ribosomal protein S6 kinase delta-1 isoform e] [protein_id=NP_001336578.1] [location=join(213129598..213129889,213167858..213167973,213176400..213176492,213230497..213230544,213232123..213232255,213240702..213242297,213242569..213242658,213261558..213261640,213262721..213262816,213272524..213272634)] [gbkey=CDS]
RPS6KC1	2658	lcl|NC_000001.11_cds_NP_001336581.1_11543 [gene=RPS6KC1] [db_xref=CCDS:CCDS73028.1,GeneID:26750] [protein=ribosomal protein S6 kinase delta-1 isoform e] [protein_id=NP_001336581.1] [location=join(213129598..213129889,213167858..213167973,213176400..213176492,213230497..213230544,213232123..213232255,213240702..213242297,213242569..213242658,213261558..213261640,213262721..213262816,213272524..213272634)] [gbkey=CDS]
RPS6KC1	2658	lcl|NC_000001.11_cds_NP_001336582.1_11544 [gene=RPS6KC1] [db_xref=CCDS:CCDS73028.1,GeneID:26750] [protein=ribosomal protein S6 kinase delta-1 isoform e] [protein_id=NP_001336582.1] [location=join(213129598..213129889,213167858..213167973,213176400..213176492,213230497..213230544,213232123..213232255,213240702..213242297,213242569..213242658,213261558..213261640,213262721..213262816,213272524..213272634)] [gbkey=CDS]
RPS6KC1	2658	lcl|NC_000001.11_cds_NP_001336579.1_11545 [gene=RPS6KC1] [db_xref=CCDS:CCDS73028.1,GeneID:26750] [protein=ribosomal protein S6 kinase delta-1 isoform e] [protein_id=NP_001336579.1] [location=join(213129598..213129889,213167858..213167973,213176400..213176492,213230497..213230544,213232123..213232255,213240702..213242297,213242569..213242658,213261558..213261640,213262721..213262816,213272524..213272634)] [gbkey=CDS]
RPS6KC1	2658	lcl|NC_000001.11_cds_NP_001336580.1_11546 [gene=RPS6KC1] [db_xref=CCDS:CCDS73028.1,GeneID:26750] [protein=ribosomal protein S6 kinase delta-1 isoform e] [protein_id=NP_001336580.1] [location=join(213129598..213129889,213167858..213167973,213176400..213176492,213230497..213230544,213232123..213232255,213240702..213242297,213242569..213242658,213261558..213261640,213262721..213262816,213272524..213272634)] [gbkey=CDS]
RPS6KC1	2658	lcl|NC_000001.11_cds_NP_001336577.1_11547 [gene=RPS6KC1] [db_xref=CCDS:CCDS73028.1,GeneID:26750] [protein=ribosomal protein S6 kinase delta-1 isoform e] [protein_id=NP_001336577.1] [location=join(213129598..213129889,213167858..213167973,213176400..213176492,213230497..213230544,213232123..213232255,213240702..213242297,213242569..213242658,213261558..213261640,213262721..213262816,213272524..213272634)] [gbkey=CDS]
RPS6KC1	2658	lcl|NC_000001.11_cds_XP_047273904.1_11548 [gene=RPS6KC1] [db_xref=GeneID:26750] [protein=ribosomal protein S6 kinase delta-1 isoform X9] [protein_id=XP_047273904.1] [location=join(213129598..213129889,213167858..213167973,213176400..213176492,213230497..213230544,213232123..213232255,213240702..213242297,213242569..213242658,213261558..213261640,213262721..213262816,213272524..213272634)] [gbkey=CDS]
RPS6KC1	2658	lcl|NC_000001.11_cds_NP_001274150.1_11549 [gene=RPS6KC1] [db_xref=CCDS:CCDS73028.1,GeneID:26750] [protein=ribosomal protein S6 kinase delta-1 isoform e] [protein_id=NP_001274150.1] [location=join(213129598..213129889,213167858..213167973,213176400..213176492,213230497..213230544,213232123..213232255,213240702..213242297,213242569..213242658,213261558..213261640,213262721..213262816,213272524..213272634)] [gbkey=CDS]
RPS6KC1	2565	lcl|NC_000001.11_cds_NP_001336583.1_11550 [gene=RPS6KC1] [db_xref=CCDS:CCDS73029.1,GeneID:26750] [protein=ribosomal protein S6 kinase delta-1 isoform c] [protein_id=NP_001336583.1] [location=join(213129598..213129889,213167858..213167973,213230497..213230544,213232123..213232255,213240702..213242297,213242569..213242658,213261558..213261640,213262721..213262816,213272524..213272634)] [gbkey=CDS]
RPS6KC1	2565	lcl|NC_000001.11_cds_NP_001274147.1_11551 [gene=RPS6KC1] [db_xref=CCDS:CCDS73029.1,GeneID:26750] [protein=ribosomal protein S6 kinase delta-1 isoform c] [protein_id=NP_001274147.1] [location=join(213129598..213129889,213167858..213167973,213230497..213230544,213232123..213232255,213240702..213242297,213242569..213242658,213261558..213261640,213262721..213262816,213272524..213272634)] [gbkey=CDS]
RPS6KC1	2565	lcl|NC_000001.11_cds_NP_001274148.1_11552 [gene=RPS6KC1] [db_xref=CCDS:CCDS73029.1,GeneID:26750] [protein=ribosomal protein S6 kinase delta-1 isoform c] [protein_id=NP_001274148.1] [location=join(213129598..213129889,213167858..213167973,213230497..213230544,213232123..213232255,213240702..213242297,213242569..213242658,213261558..213261640,213262721..213262816,213272524..213272634)] [gbkey=CDS]
RPS6KC1	2310	lcl|NC_000001.11_cds_NP_001336587.1_11553 [gene=RPS6KC1] [db_xref=GeneID:26750] [protein=ribosomal protein S6 kinase delta-1 isoform h] [protein_id=NP_001336587.1] [location=join(213167914..213167973,213176400..213176492,213230497..213230544,213232123..213232255,213240702..213242297,213242569..213242658,213261558..213261640,213262721..213262816,213272524..213272634)] [gbkey=CDS]
RPS6KC1	2310	lcl|NC_000001.11_cds_NP_001336586.1_11554 [gene=RPS6KC1] [db_xref=GeneID:26750] [protein=ribosomal protein S6 kinase delta-1 isoform h] [protein_id=NP_001336586.1] [location=join(213167914..213167973,213176400..213176492,213230497..213230544,213232123..213232255,213240702..213242297,213242569..213242658,213261558..213261640,213262721..213262816,213272524..213272634)] [gbkey=CDS]
RPS6KC1	2145	lcl|NC_000001.11_cds_NP_001336589.1_11555 [gene=RPS6KC1] [db_xref=GeneID:26750] [protein=ribosomal protein S6 kinase delta-1 isoform i] [protein_id=NP_001336589.1] [location=join(213230509..213230544,213232123..213232255,213240702..213242297,213242569..213242658,213261558..213261640,213262721..213262816,213272524..213272634)] [gbkey=CDS]
RPS6KC1	2145	lcl|NC_000001.11_cds_NP_001336588.1_11556 [gene=RPS6KC1] [db_xref=GeneID:26750] [protein=ribosomal protein S6 kinase delta-1 isoform i] [protein_id=NP_001336588.1] [location=join(213230509..213230544,213232123..213232255,213240702..213242297,213242569..213242658,213261558..213261640,213262721..213262816,213272524..213272634)] [gbkey=CDS]
RPS6KC1	2145	lcl|NC_000001.11_cds_NP_001336591.1_11557 [gene=RPS6KC1] [db_xref=GeneID:26750] [protein=ribosomal protein S6 kinase delta-1 isoform i] [protein_id=NP_001336591.1] [location=join(213230509..213230544,213232123..213232255,213240702..213242297,213242569..213242658,213261558..213261640,213262721..213262816,213272524..213272634)] [gbkey=CDS]
RPS6KC1	2145	lcl|NC_000001.11_cds_NP_001336590.1_11558 [gene=RPS6KC1] [db_xref=GeneID:26750] [protein=ribosomal protein S6 kinase delta-1 isoform i] [protein_id=NP_001336590.1] [location=join(213230509..213230544,213232123..213232255,213240702..213242297,213242569..213242658,213261558..213261640,213262721..213262816,213272524..213272634)] [gbkey=CDS]
RPS6KC1	1806	lcl|NC_000001.11_cds_NP_001336595.1_11559 [gene=RPS6KC1] [db_xref=CCDS:CCDS73030.1,GeneID:26750] [protein=ribosomal protein S6 kinase delta-1 isoform d] [protein_id=NP_001336595.1] [location=join(213240872..213242297,213242569..213242658,213261558..213261640,213262721..213262816,213272524..213272634)] [gbkey=CDS]
RPS6KC1	1806	lcl|NC_000001.11_cds_NP_001336600.1_11560 [gene=RPS6KC1] [db_xref=CCDS:CCDS73030.1,GeneID:26750] [protein=ribosomal protein S6 kinase delta-1 isoform d] [protein_id=NP_001336600.1] [location=join(213240872..213242297,213242569..213242658,213261558..213261640,213262721..213262816,213272524..213272634)] [gbkey=CDS]
RPS6KC1	1806	lcl|NC_000001.11_cds_NP_001336596.1_11561 [gene=RPS6KC1] [db_xref=CCDS:CCDS73030.1,GeneID:26750] [protein=ribosomal protein S6 kinase delta-1 isoform d] [protein_id=NP_001336596.1] [location=join(213240872..213242297,213242569..213242658,213261558..213261640,213262721..213262816,213272524..213272634)] [gbkey=CDS]
RPS6KC1	1806	lcl|NC_000001.11_cds_NP_001336592.1_11562 [gene=RPS6KC1] [db_xref=CCDS:CCDS73030.1,GeneID:26750] [protein=ribosomal protein S6 kinase delta-1 isoform d] [protein_id=NP_001336592.1] [location=join(213240872..213242297,213242569..213242658,213261558..213261640,213262721..213262816,213272524..213272634)] [gbkey=CDS]
RPS6KC1	1806	lcl|NC_000001.11_cds_NP_001336597.1_11563 [gene=RPS6KC1] [db_xref=CCDS:CCDS73030.1,GeneID:26750] [protein=ribosomal protein S6 kinase delta-1 isoform d] [protein_id=NP_001336597.1] [location=join(213240872..213242297,213242569..213242658,213261558..213261640,213262721..213262816,213272524..213272634)] [gbkey=CDS]
RPS6KC1	1806	lcl|NC_000001.11_cds_NP_001336598.1_11564 [gene=RPS6KC1] [db_xref=CCDS:CCDS73030.1,GeneID:26750] [protein=ribosomal protein S6 kinase delta-1 isoform d] [protein_id=NP_001336598.1] [location=join(213240872..213242297,213242569..213242658,213261558..213261640,213262721..213262816,213272524..213272634)] [gbkey=CDS]
RPS6KC1	1806	lcl|NC_000001.11_cds_NP_001336599.1_11565 [gene=RPS6KC1] [db_xref=CCDS:CCDS73030.1,GeneID:26750] [protein=ribosomal protein S6 kinase delta-1 isoform d] [protein_id=NP_001336599.1] [location=join(213240872..213242297,213242569..213242658,213261558..213261640,213262721..213262816,213272524..213272634)] [gbkey=CDS]
RPS6KC1	1806	lcl|NC_000001.11_cds_NP_001336594.1_11566 [gene=RPS6KC1] [db_xref=CCDS:CCDS73030.1,GeneID:26750] [protein=ribosomal protein S6 kinase delta-1 isoform d] [protein_id=NP_001336594.1] [location=join(213240872..213242297,213242569..213242658,213261558..213261640,213262721..213262816,213272524..213272634)] [gbkey=CDS]
RPS6KC1	1806	lcl|NC_000001.11_cds_NP_001336593.1_11567 [gene=RPS6KC1] [db_xref=CCDS:CCDS73030.1,GeneID:26750] [protein=ribosomal protein S6 kinase delta-1 isoform d] [protein_id=NP_001336593.1] [location=join(213240872..213242297,213242569..213242658,213261558..213261640,213262721..213262816,213272524..213272634)] [gbkey=CDS]
RPS6KC1	1806	lcl|NC_000001.11_cds_NP_001274149.1_11568 [gene=RPS6KC1] [db_xref=CCDS:CCDS73030.1,GeneID:26750] [protein=ribosomal protein S6 kinase delta-1 isoform d] [protein_id=NP_001274149.1] [location=join(213240872..213242297,213242569..213242658,213261558..213261640,213262721..213262816,213272524..213272634)] [gbkey=CDS]
RPS6KC1	1716	lcl|NC_000001.11_cds_NP_001336601.1_11569 [gene=RPS6KC1] [db_xref=GeneID:26750] [protein=ribosomal protein S6 kinase delta-1 isoform j] [protein_id=NP_001336601.1] [location=join(213240872..213242297,213261558..213261640,213262721..213262816,213272524..213272634)] [gbkey=CDS]
RPS7	585	lcl|NC_000002.12_cds_NP_001002.1_12978 [gene=RPS7] [db_xref=CCDS:CCDS1648.1,Ensembl:ENSP00000496757.1,GeneID:6201] [protein=small ribosomal subunit protein eS7] [protein_id=NP_001002.1] [location=join(3575610..3575684,3575817..3575888,3576487..3576630,3577710..3577774,3580110..3580260,3580805..3580882)] [gbkey=CDS]
RPS27A	471	lcl|NC_000002.12_cds_NP_001129064.1_14835 [gene=RPS27A] [db_xref=CCDS:CCDS33202.1,GeneID:6233] [protein=ubiquitin-ribosomal protein eS31 fusion protein precursor] [protein_id=NP_001129064.1] [location=join(55232825..55232872,55233363..55233417,55234119..55234204,55234831..55234962,55235428..55235577)] [gbkey=CDS]
RPS27A	471	lcl|NC_000002.12_cds_NP_001170884.1_14836 [gene=RPS27A] [db_xref=CCDS:CCDS33202.1,GeneID:6233] [protein=ubiquitin-ribosomal protein eS31 fusion protein precursor] [protein_id=NP_001170884.1] [location=join(55232825..55232872,55233363..55233417,55234119..55234204,55234831..55234962,55235428..55235577)] [gbkey=CDS]
RPS27A	471	lcl|NC_000002.12_cds_NP_002945.1_14837 [gene=RPS27A] [db_xref=CCDS:CCDS33202.1,Ensembl:ENSP00000272317.6,GeneID:6233] [protein=ubiquitin-ribosomal protein eS31 fusion protein precursor] [protein_id=NP_002945.1] [location=join(55232825..55232872,55233363..55233417,55234119..55234204,55234831..55234962,55235428..55235577)] [gbkey=CDS]
RPL31	387	lcl|NC_000002.12_cds_NP_001092047.1_16709 [gene=RPL31] [db_xref=CCDS:CCDS46373.1,GeneID:6160] [protein=large ribosomal subunit protein eL31 isoform 2] [protein_id=NP_001092047.1] [location=join(101002702..101002808,101004158..101004283,101005959..101006071,101018998..101019038)] [gbkey=CDS]
RPL31	378	lcl|NC_000002.12_cds_NP_000984.1_16710 [gene=RPL31] [db_xref=CCDS:CCDS2049.1,Ensembl:ENSP00000264258.3,GeneID:6160] [protein=large ribosomal subunit protein eL31 isoform 1] [protein_id=NP_000984.1] [location=join(101002702..101002808,101004158..101004283,101005959..101006071,101006350..101006381)] [gbkey=CDS]
RPL31	366	lcl|NC_000002.12_cds_NP_001093163.1_16711 [gene=RPL31] [db_xref=CCDS:CCDS46374.1,GeneID:6160] [protein=large ribosomal subunit protein eL31 isoform 3] [protein_id=NP_001093163.1] [location=join(101002702..101002808,101004158..101004283,101005959..101006091)] [gbkey=CDS]
RPL37A	279	lcl|NC_000002.12_cds_NP_000989.1_20846 [gene=RPL37A] [db_xref=CCDS:CCDS2404.1,Ensembl:ENSP00000418082.1,GeneID:6168] [protein=large ribosomal subunit protein eL43] [protein_id=NP_000989.1] [location=join(216498875..216498877,216499270..216499398,216499949..216500031,216501341..216501404)] [gbkey=CDS]
RPL32	408	lcl|NC_000003.12_cds_NP_000985.1_23174 [gene=RPL32] [db_xref=CCDS:CCDS2614.1,Ensembl:ENSP00000416429.2,GeneID:6161] [protein=large ribosomal subunit protein eL32] [protein_id=NP_000985.1] [location=complement(join(12836094..12836223,12839349..12839530,12840142..12840237))] [gbkey=CDS]
RPL32	408	lcl|NC_000003.12_cds_NP_001007074.1_23175 [gene=RPL32] [db_xref=CCDS:CCDS2614.1,GeneID:6161] [protein=large ribosomal subunit protein eL32] [protein_id=NP_001007074.1] [location=complement(join(12836094..12836223,12839349..12839530,12840142..12840237))] [gbkey=CDS]
RPL32	408	lcl|NC_000003.12_cds_NP_001007075.1_23176 [gene=RPL32] [db_xref=CCDS:CCDS2614.1,GeneID:6161] [protein=large ribosomal subunit protein eL32] [protein_id=NP_001007075.1] [location=complement(join(12836094..12836223,12839349..12839530,12840142..12840237))] [gbkey=CDS]
RPL15	438	lcl|NC_000003.12_cds_NP_001240313.1_23653 [gene=RPL15] [db_xref=CCDS:CCDS58818.1,GeneID:6138] [protein=large ribosomal subunit protein eL15 isoform 2] [protein_id=NP_001240313.1] [location=join(23917860..23918031,23918440..23918576,23919196..23919246,23921598..23921675)] [gbkey=CDS]
RPL15	615	lcl|NC_000003.12_cds_NP_002939.2_23654 [gene=RPL15] [db_xref=CCDS:CCDS2640.1,Ensembl:ENSP00000309334.5,GeneID:6138] [protein=large ribosomal subunit protein eL15 isoform 1] [protein_id=NP_002939.2] [location=join(23917860..23918031,23918440..23918576,23919196..23919501)] [gbkey=CDS]
RPL15	615	lcl|NC_000003.12_cds_NP_001240308.1_23655 [gene=RPL15] [db_xref=CCDS:CCDS2640.1,GeneID:6138] [protein=large ribosomal subunit protein eL15 isoform 1] [protein_id=NP_001240308.1] [location=join(23917860..23918031,23918440..23918576,23919196..23919501)] [gbkey=CDS]
RPL15	615	lcl|NC_000003.12_cds_NP_001240309.1_23656 [gene=RPL15] [db_xref=CCDS:CCDS2640.1,GeneID:6138] [protein=large ribosomal subunit protein eL15 isoform 1] [protein_id=NP_001240309.1] [location=join(23917860..23918031,23918440..23918576,23919196..23919501)] [gbkey=CDS]
RPL15	615	lcl|NC_000003.12_cds_NP_001240311.1_23657 [gene=RPL15] [db_xref=CCDS:CCDS2640.1,GeneID:6138] [protein=large ribosomal subunit protein eL15 isoform 1] [protein_id=NP_001240311.1] [location=join(23917860..23918031,23918440..23918576,23919196..23919501)] [gbkey=CDS]
RPL15	615	lcl|NC_000003.12_cds_NP_001240312.1_23658 [gene=RPL15] [db_xref=CCDS:CCDS2640.1,GeneID:6138] [protein=large ribosomal subunit protein eL15 isoform 1] [protein_id=NP_001240312.1] [location=join(23917860..23918031,23918440..23918576,23919196..23919501)] [gbkey=CDS]
RPL14	648	lcl|NC_000003.12_cds_NP_003964.3_24436 [gene=RPL14] [db_xref=CCDS:CCDS33739.1,GeneID:9045] [protein=large ribosomal subunit protein eL14] [protein_id=NP_003964.3] [location=join(40457361..40457363,40457890..40457991,40458642..40458736,40461407..40461506,40461608..40461661,40461939..40462232)] [gbkey=CDS]
RPL14	648	lcl|NC_000003.12_cds_NP_001030168.1_24437 [gene=RPL14] [db_xref=CCDS:CCDS43070.1,Ensembl:ENSP00000379506.2,GeneID:9045] [protein=large ribosomal subunit protein eL14] [protein_id=NP_001030168.1] [location=join(40457472..40457474,40457890..40457991,40458642..40458736,40461407..40461506,40461608..40461661,40461939..40462232)] [gbkey=CDS]
RPL29	480	lcl|NC_000003.12_cds_NP_000983.1_25913 [gene=RPL29] [db_xref=CCDS:CCDS2845.1,Ensembl:ENSP00000294189.4,GeneID:6159] [protein=large ribosomal subunit protein eL29] [protein_id=NP_000983.1] [location=complement(join(51993749..51994126,51995042..51995106,51995425..51995461))] [gbkey=CDS]
RPL24	474	lcl|NC_000003.12_cds_NP_000977.1_27233 [gene=RPL24] [db_xref=CCDS:CCDS33809.1,Ensembl:ENSP00000377640.3,GeneID:6152] [protein=large ribosomal subunit protein eL24] [protein_id=NP_000977.1] [location=complement(join(101681135..101681215,101682429..101682492,101682771..101682907,101685818..101685928,101686482..101686557,101686672..101686676))] [gbkey=CDS]
RPL22L1	366	lcl|NC_000003.12_cds_NP_001307380.1_29856 [gene=RPL22L1] [db_xref=CCDS:CCDS82875.1,GeneID:200916] [protein=ribosomal protein eL22-like isoform 2] [protein_id=NP_001307380.1] [location=complement(join(170866380..170866524,170868013..170868134,170868298..170868387,170870159..170870167))] [gbkey=CDS]
RPL22L1	369	lcl|NC_000003.12_cds_NP_001093115.1_29857 [gene=RPL22L1] [db_xref=CCDS:CCDS46955.1,Ensembl:ENSP00000346080.7,GeneID:200916] [protein=ribosomal protein eL22-like isoform 1] [protein_id=NP_001093115.1] [location=complement(join(170866380..170866524,170868013..170868134,170868298..170868390,170870159..170870167))] [gbkey=CDS]
RPL39L	156	lcl|NC_000003.12_cds_NP_443201.1_30503 [gene=RPL39L] [db_xref=CCDS:CCDS3286.1,Ensembl:ENSP00000296277.4,GeneID:116832] [protein=ribosomal protein eL39-like 2] [protein_id=NP_443201.1] [location=complement(187121145..187121300)] [gbkey=CDS]
RPL35A	333	lcl|NC_000003.12_cds_NP_000987.2_30972 [gene=RPL35A] [db_xref=CCDS:CCDS33930.1,Ensembl:ENSP00000495672.1,GeneID:6165] [protein=large ribosomal subunit protein eL33] [protein_id=NP_000987.2] [location=join(197950968..197950978,197951159..197951311,197954003..197954147,197955750..197955773)] [gbkey=CDS]
RPL35A	333	lcl|NC_000003.12_cds_NP_001303240.1_30973 [gene=RPL35A] [db_xref=CCDS:CCDS33930.1,GeneID:6165] [protein=large ribosomal subunit protein eL33] [protein_id=NP_001303240.1] [location=join(197950968..197950978,197951159..197951311,197954003..197954147,197955750..197955773)] [gbkey=CDS]
RPL9	579	lcl|NC_000004.12_cds_NP_000652.2_32362 [gene=RPL9] [db_xref=CCDS:CCDS3452.1,Ensembl:ENSP00000346022.7,GeneID:6133] [protein=large ribosomal subunit protein uL6] [protein_id=NP_000652.2] [location=complement(join(39454543..39454649,39454864..39454944,39456406..39456538,39457586..39457681,39458194..39458309,39458394..39458439))] [gbkey=CDS]
RPL9	579	lcl|NC_000004.12_cds_NP_001020092.1_32363 [gene=RPL9] [db_xref=CCDS:CCDS3452.1,GeneID:6133] [protein=large ribosomal subunit protein uL6] [protein_id=NP_001020092.1] [location=complement(join(39454543..39454649,39454864..39454944,39456406..39456538,39457586..39457681,39458194..39458309,39458394..39458439))] [gbkey=CDS]
RPL34	354	lcl|NC_000004.12_cds_NP_000986.2_34380 [gene=RPL34] [db_xref=CCDS:CCDS3680.1,GeneID:6164] [protein=large ribosomal subunit protein eL34] [protein_id=NP_000986.2] [location=join(108621960..108622024,108622105..108622204,108622515..108622618,108625128..108625212)] [gbkey=CDS]
RPL34	354	lcl|NC_000004.12_cds_NP_296374.1_34381 [gene=RPL34] [db_xref=CCDS:CCDS3680.1,GeneID:6164] [protein=large ribosomal subunit protein eL34] [protein_id=NP_296374.1] [location=join(108621960..108622024,108622105..108622204,108622515..108622618,108625128..108625212)] [gbkey=CDS]
RPL34	354	lcl|NC_000004.12_cds_NP_001306161.1_34382 [gene=RPL34] [db_xref=CCDS:CCDS3680.1,GeneID:6164] [protein=large ribosomal subunit protein eL34] [protein_id=NP_001306161.1] [location=join(108621960..108622024,108622105..108622204,108622515..108622618,108625128..108625212)] [gbkey=CDS]
RPL34	354	lcl|NC_000004.12_cds_NP_001306163.1_34383 [gene=RPL34] [db_xref=CCDS:CCDS3680.1,GeneID:6164] [protein=large ribosomal subunit protein eL34] [protein_id=NP_001306163.1] [location=join(108621960..108622024,108622105..108622204,108622515..108622618,108625128..108625212)] [gbkey=CDS]
RPL34	354	lcl|NC_000004.12_cds_NP_001306164.1_34384 [gene=RPL34] [db_xref=CCDS:CCDS3680.1,GeneID:6164] [protein=large ribosomal subunit protein eL34] [protein_id=NP_001306164.1] [location=join(108621960..108622024,108622105..108622204,108622515..108622618,108625128..108625212)] [gbkey=CDS]
RPL34	354	lcl|NC_000004.12_cds_NP_001306165.1_34385 [gene=RPL34] [db_xref=CCDS:CCDS3680.1,Ensembl:ENSP00000378162.3,GeneID:6164] [protein=large ribosomal subunit protein eL34] [protein_id=NP_001306165.1] [location=join(108621960..108622024,108622105..108622204,108622515..108622618,108625128..108625212)] [gbkey=CDS]
RPS3A	795	lcl|NC_000004.12_cds_NP_000997.1_35443 [gene=RPS3A] [db_xref=CCDS:CCDS3775.1,Ensembl:ENSP00000346050.3,GeneID:6189] [protein=small ribosomal subunit protein eS1 isoform 1] [protein_id=NP_000997.1] [location=join(151099653..151099714,151100485..151100588,151100975..151101162,151102871..151103079,151104177..151104286,151104472..151104593)] [gbkey=CDS]
RPS3A	177	lcl|NC_000004.12_cds_NP_001254628.1_35444 [gene=RPS3A] [db_xref=GeneID:6189] [protein=small ribosomal subunit protein eS1 isoform 2] [protein_id=NP_001254628.1] [location=join(151099653..151099714,151100485..151100588,151102871..151102881)] [gbkey=CDS]
RPL37	294	lcl|NC_000005.10_cds_NP_000988.1_37119 [gene=RPL37] [db_xref=CCDS:CCDS3934.1,Ensembl:ENSP00000274242.5,GeneID:6167] [protein=large ribosomal subunit protein eL37] [protein_id=NP_000988.1] [location=complement(join(40832504..40832573,40834181..40834265,40834471..40834606,40835183..40835185))] [gbkey=CDS]
RPS23	432	lcl|NC_000005.10_cds_NP_001016.1_38336 [gene=RPS23] [db_xref=CCDS:CCDS47241.1,Ensembl:ENSP00000296674.8,GeneID:6228] [protein=small ribosomal subunit protein uS12] [protein_id=NP_001016.1] [location=complement(join(82276109..82276255,82276398..82276518,82277693..82277852,82278320..82278323))] [gbkey=CDS]
RPS14	456	lcl|NC_000005.10_cds_NP_005608.1_40708 [gene=RPS14] [db_xref=CCDS:CCDS4307.1,Ensembl:ENSP00000385425.1,GeneID:6208] [protein=small ribosomal subunit protein uS11] [protein_id=NP_005608.1] [location=complement(join(150444286..150444353,150445609..150445685,150446802..150446963,150447585..150447733))] [gbkey=CDS]
RPS14	456	lcl|NC_000005.10_cds_NP_001020241.1_40709 [gene=RPS14] [db_xref=CCDS:CCDS4307.1,GeneID:6208] [protein=small ribosomal subunit protein uS11] [protein_id=NP_001020241.1] [location=complement(join(150444286..150444353,150445609..150445685,150446802..150446963,150447585..150447733))] [gbkey=CDS]
RPS14	456	lcl|NC_000005.10_cds_NP_001020242.1_40710 [gene=RPS14] [db_xref=CCDS:CCDS4307.1,GeneID:6208] [protein=small ribosomal subunit protein uS11] [protein_id=NP_001020242.1] [location=complement(join(150444286..150444353,150445609..150445685,150446802..150446963,150447585..150447733))] [gbkey=CDS]
RPL26L1	438	lcl|NC_000005.10_cds_XP_016865008.1_41324 [gene=RPL26L1] [db_xref=GeneID:51121] [protein=ribosomal protein uL24-like isoform X1] [protein_id=XP_016865008.1] [location=join(172959874..172960041,172968459..172968599,172969413..172969541)] [gbkey=CDS]
RPL26L1	438	lcl|NC_000005.10_cds_XP_016865009.1_41325 [gene=RPL26L1] [db_xref=GeneID:51121] [protein=ribosomal protein uL24-like isoform X1] [protein_id=XP_016865009.1] [location=join(172959874..172960041,172968459..172968599,172969413..172969541)] [gbkey=CDS]
RPL26L1	438	lcl|NC_000005.10_cds_XP_011532867.1_41326 [gene=RPL26L1] [db_xref=GeneID:51121] [protein=ribosomal protein uL24-like isoform X1] [protein_id=XP_011532867.1] [location=join(172959874..172960041,172968459..172968599,172969413..172969541)] [gbkey=CDS]
RPL26L1	438	lcl|NC_000005.10_cds_NP_057177.1_41327 [gene=RPL26L1] [db_xref=CCDS:CCDS4382.1,Ensembl:ENSP00000265100.2,GeneID:51121] [protein=ribosomal protein uL24-like] [protein_id=NP_057177.1] [location=join(172959874..172960041,172968459..172968599,172969413..172969541)] [gbkey=CDS]
RPL26L1	438	lcl|NC_000005.10_cds_NP_001304909.1_41328 [gene=RPL26L1] [db_xref=CCDS:CCDS4382.1,GeneID:51121] [protein=ribosomal protein uL24-like] [protein_id=NP_001304909.1] [location=join(172959874..172960041,172968459..172968599,172969413..172969541)] [gbkey=CDS]
RPL26L1	438	lcl|NC_000005.10_cds_NP_001304910.1_41329 [gene=RPL26L1] [db_xref=CCDS:CCDS4382.1,GeneID:51121] [protein=ribosomal protein uL24-like] [protein_id=NP_001304910.1] [location=join(172959874..172960041,172968459..172968599,172969413..172969541)] [gbkey=CDS]
RPL26L1	438	lcl|NC_000005.10_cds_NP_001304911.1_41330 [gene=RPL26L1] [db_xref=CCDS:CCDS4382.1,GeneID:51121] [protein=ribosomal protein uL24-like] [protein_id=NP_001304911.1] [location=join(172959874..172960041,172968459..172968599,172969413..172969541)] [gbkey=CDS]
RPS18	459	lcl|NC_000006.12_cds_NP_072045.1_43612 [gene=RPS18] [db_xref=CCDS:CCDS4771.1,Ensembl:ENSP00000393241.2,GeneID:6222] [protein=small ribosomal subunit protein uS13] [protein_id=NP_072045.1] [location=join(33272120..33272122,33272628..33272726,33275797..33275883,33275965..33276066,33276176..33276267,33276391..33276466)] [gbkey=CDS]
RPS10-NUDT3	876	lcl|NC_000006.12_cds_NP_001189399.1_43743 [gene=RPS10-NUDT3] [db_xref=GeneID:100529239] [protein=RPS10-NUDT3 protein] [protein_id=NP_001189399.1] [location=complement(join(34288753..34288931,34293451..34293535,34295641..34295685,34341862..34341972,34418369..34418424,34421730..34421807,34424669..34424840,34425072..34425221))] [gbkey=CDS]
RPS10	498	lcl|NC_000006.12_cds_NP_001190174.1_43745 [gene=RPS10] [db_xref=CCDS:CCDS4792.1,GeneID:6204] [protein=small ribosomal subunit protein eS10] [protein_id=NP_001190174.1] [location=complement(join(34417506..34417547,34418369..34418424,34421730..34421807,34424669..34424840,34425072..34425221))] [gbkey=CDS]
RPS10	498	lcl|NC_000006.12_cds_NP_001191020.1_43746 [gene=RPS10] [db_xref=CCDS:CCDS4792.1,GeneID:6204] [protein=small ribosomal subunit protein eS10] [protein_id=NP_001191020.1] [location=complement(join(34417506..34417547,34418369..34418424,34421730..34421807,34424669..34424840,34425072..34425221))] [gbkey=CDS]
RPS10	498	lcl|NC_000006.12_cds_NP_001005.1_43747 [gene=RPS10] [db_xref=CCDS:CCDS4792.1,Ensembl:ENSP00000497917.1,GeneID:6204] [protein=small ribosomal subunit protein eS10] [protein_id=NP_001005.1] [location=complement(join(34417506..34417547,34418369..34418424,34421730..34421807,34424669..34424840,34425072..34425221))] [gbkey=CDS]
RPL10A	654	lcl|NC_000006.12_cds_NP_009035.3_43868 [gene=RPL10A] [db_xref=CCDS:CCDS4806.1,Ensembl:ENSP00000363018.3,GeneID:4736] [protein=large ribosomal subunit protein uL1] [protein_id=NP_009035.3] [location=join(35468435..35468439,35468799..35468873,35468947..35469027,35469381..35469529,35470179..35470351,35470580..35470750)] [gbkey=CDS]
RPL7L1	768	lcl|NC_000006.12_cds_NP_001353410.1_44369 [gene=RPL7L1] [db_xref=CCDS:CCDS4873.2,Ensembl:ENSP00000418221.3,GeneID:285855] [protein=ribosomal protein uL30-like] [protein_id=NP_001353410.1] [location=join(42879911..42879951,42880861..42880966,42883451..42883614,42884613..42884750,42885974..42886083,42886256..42886464)] [gbkey=CDS]
RPL7L1	768	lcl|NC_000006.12_cds_NP_940888.3_44370 [gene=RPL7L1] [db_xref=CCDS:CCDS4873.2,GeneID:285855] [protein=ribosomal protein uL30-like] [protein_id=NP_940888.3] [location=join(42879911..42879951,42880861..42880966,42883451..42883614,42884613..42884750,42885974..42886083,42886256..42886464)] [gbkey=CDS]
RPS12	399	lcl|NC_000006.12_cds_NP_001007.2_46916 [gene=RPS12] [db_xref=CCDS:CCDS5164.1,Ensembl:ENSP00000230050.3,GeneID:6206] [protein=small ribosomal subunit protein eS12] [protein_id=NP_001007.2] [location=join(132814769..132814782,132814972..132815088,132816461..132816563,132816960..132817061,132817480..132817542)] [gbkey=CDS]
RPS6KA2	2226	lcl|NC_000006.12_cds_NP_001006933.3_47982 [gene=RPS6KA2] [db_xref=CCDS:CCDS34570.1,GeneID:6196] [protein=ribosomal protein S6 kinase alpha-2 isoform b] [protein_id=NP_001006933.3] [location=complement(join(166412762..166412887,166413794..166413931,166418225..166418342,166419882..166419958,166423256..166423417,166430453..166430611,166432401..166432490,166448724..166448849,166451103..166451233,166459449..166459551,166469841..166469905,166488833..166488921,166490671..166490741,166498508..166498650,166500887..166500924,166504506..166504612,166508203..166508282,166510277..166510357,166531232..166531313,166538668..166538784,166858200..166858259,166862108..166862170))] [gbkey=CDS]
RPS6KA2	2277	lcl|NC_000006.12_cds_NP_001305865.2_47983 [gene=RPS6KA2] [db_xref=CCDS:CCDS83148.1,GeneID:6196] [protein=ribosomal protein S6 kinase alpha-2 isoform c] [protein_id=NP_001305865.2] [location=complement(join(166412762..166412887,166413794..166413931,166418225..166418342,166419882..166419958,166423256..166423417,166430453..166430611,166432401..166432490,166448724..166448849,166451103..166451233,166459449..166459551,166469841..166469905,166488833..166488921,166490671..166490741,166498508..166498650,166500887..166500924,166504506..166504612,166508203..166508282,166510277..166510357,166531232..166531313,166538668..166538784,166770863..166770913,166858200..166858259,166862108..166862170))] [gbkey=CDS]
RPS6KA2	1908	lcl|NC_000006.12_cds_NP_001305866.1_47984 [gene=RPS6KA2] [db_xref=GeneID:6196] [protein=ribosomal protein S6 kinase alpha-2 isoform d] [protein_id=NP_001305866.1] [location=complement(join(166412762..166412887,166413794..166413931,166418225..166418342,166419882..166419958,166423256..166423417,166430453..166430611,166432401..166432490,166448724..166448849,166451103..166451233,166459449..166459551,166469841..166469905,166488833..166488921,166490671..166490741,166498508..166498650,166500887..166500924,166504506..166504612,166508203..166508282,166510277..166510324,166862108..166862144))] [gbkey=CDS]
RPS6KA2	2196	lcl|NC_000006.12_cds_XP_047275189.1_47985 [gene=RPS6KA2] [db_xref=GeneID:6196] [protein=ribosomal protein S6 kinase alpha-2 isoform X2] [protein_id=XP_047275189.1] [location=complement(join(166412762..166412887,166413794..166413931,166418225..166418342,166419882..166419958,166423256..166423417,166430453..166430611,166432401..166432490,166448724..166448849,166451103..166451233,166459449..166459551,166469841..166469905,166488833..166488921,166490671..166490741,166498508..166498650,166500887..166500924,166504506..166504612,166508203..166508282,166510277..166510357,166531232..166531313,166538668..166538784,166770863..166770913,166771009..166771050))] [gbkey=CDS]
RPS6KA2	2154	lcl|NC_000006.12_cds_XP_047275190.1_47986 [gene=RPS6KA2] [db_xref=GeneID:6196] [protein=ribosomal protein S6 kinase alpha-2 isoform X3] [protein_id=XP_047275190.1] [location=complement(join(166412762..166412887,166413794..166413931,166418225..166418342,166419882..166419958,166423256..166423417,166430453..166430611,166432401..166432490,166448724..166448849,166451103..166451233,166459449..166459551,166469841..166469905,166488833..166488921,166490671..166490741,166498508..166498650,166500887..166500924,166504506..166504612,166508203..166508282,166510277..166510357,166531232..166531313,166538668..166538784,166757527..166757577))] [gbkey=CDS]
RPS6KA2	2202	lcl|NC_000006.12_cds_NP_066958.2_47987 [gene=RPS6KA2] [db_xref=CCDS:CCDS5294.1,Ensembl:ENSP00000265678.4,GeneID:6196] [protein=ribosomal protein S6 kinase alpha-2 isoform a] [protein_id=NP_066958.2] [location=complement(join(166412762..166412887,166413794..166413931,166418225..166418342,166419882..166419958,166423256..166423417,166430453..166430611,166432401..166432490,166448724..166448849,166451103..166451233,166459449..166459551,166469841..166469905,166488833..166488921,166490671..166490741,166498508..166498650,166500887..166500924,166504506..166504612,166508203..166508282,166510277..166510357,166531232..166531313,166538668..166538784,166626921..166627019))] [gbkey=CDS]
RPS6KA2	2286	lcl|NC_000006.12_cds_XP_006715612.1_47988 [gene=RPS6KA2] [db_xref=GeneID:6196] [protein=ribosomal protein S6 kinase alpha-2 isoform X1] [protein_id=XP_006715612.1] [location=complement(join(166412762..166412887,166413794..166413931,166418225..166418342,166419882..166419958,166423256..166423417,166430453..166430611,166432401..166432490,166448724..166448849,166451103..166451233,166459449..166459551,166469841..166469905,166488833..166488921,166490671..166490741,166498508..166498650,166500887..166500924,166504506..166504612,166508203..166508282,166510277..166510357,166531232..166531313,166538668..166538784,166619218..166619301,166626921..166627019))] [gbkey=CDS]
RPS6KA2	1935	lcl|NC_000006.12_cds_XP_047275191.1_47989 [gene=RPS6KA2] [db_xref=GeneID:6196] [protein=ribosomal protein S6 kinase alpha-2 isoform X4] [protein_id=XP_047275191.1] [location=complement(join(166412762..166412887,166413794..166413931,166418225..166418342,166419882..166419958,166423256..166423417,166430453..166430611,166432401..166432490,166448724..166448849,166451103..166451233,166459449..166459551,166469841..166469905,166488833..166488921,166490671..166490741,166498508..166498650,166500887..166500924,166504506..166504612,166508203..166508282,166510277..166510357,166531232..166531262))] [gbkey=CDS]
RPS6KA2	1935	lcl|NC_000006.12_cds_NP_001305867.1_47990 [gene=RPS6KA2] [db_xref=CCDS:CCDS83147.1,GeneID:6196] [protein=ribosomal protein S6 kinase alpha-2 isoform e] [protein_id=NP_001305867.1] [location=complement(join(166412762..166412887,166413794..166413931,166418225..166418342,166419882..166419958,166423256..166423417,166430453..166430611,166432401..166432490,166448724..166448849,166451103..166451233,166459449..166459551,166469841..166469905,166488833..166488921,166490671..166490741,166498508..166498650,166500887..166500924,166504506..166504612,166508203..166508282,166510277..166510357,166531232..166531262))] [gbkey=CDS]
RPS20	429	lcl|NC_000008.11_cds_NP_001139699.1_56146 [gene=RPS20] [db_xref=CCDS:CCDS55231.1,GeneID:6224] [protein=small ribosomal subunit protein uS10 isoform 1] [protein_id=NP_001139699.1] [location=complement(join(56069738..56069833,56073117..56073272,56073695..56073768,56074060..56074159,56074381..56074383))] [gbkey=CDS]
RPS20	360	lcl|NC_000008.11_cds_NP_001014.1_56147 [gene=RPS20] [db_xref=CCDS:CCDS6163.1,Ensembl:ENSP00000009589.3,GeneID:6224] [protein=small ribosomal subunit protein uS10 isoform 2] [protein_id=NP_001014.1] [location=complement(join(56073090..56073272,56073695..56073768,56074060..56074159,56074381..56074383))] [gbkey=CDS]
RPL7	747	lcl|NC_000008.11_cds_NP_000962.2_56661 [gene=RPL7] [db_xref=CCDS:CCDS6212.1,Ensembl:ENSP00000339795.2,GeneID:6129] [protein=large ribosomal subunit protein uL30 isoform 1] [protein_id=NP_000962.2] [location=complement(join(73291044..73291252,73291552..73291661,73291773..73291910,73292239..73292405,73292689..73292797,73293599..73293612))] [gbkey=CDS]
RPL7	627	lcl|NC_000008.11_cds_NP_001350666.1_56662 [gene=RPL7] [db_xref=CCDS:CCDS87615.1,GeneID:6129] [protein=large ribosomal subunit protein uL30 isoform 2] [protein_id=NP_001350666.1] [location=complement(join(73291044..73291252,73291552..73291661,73291773..73291910,73292239..73292405,73292689..73292691))] [gbkey=CDS]
RPL30	348	lcl|NC_000008.11_cds_NP_000980.1_57208 [gene=RPL30] [db_xref=CCDS:CCDS34928.1,Ensembl:ENSP00000287038.3,GeneID:6156] [protein=large ribosomal subunit protein eL30] [protein_id=NP_000980.1] [location=complement(join(98041801..98041850,98042645..98042775,98044943..98045088,98045347..98045367))] [gbkey=CDS]
RPL8	774	lcl|NC_000008.11_cds_NP_150644.1_59093 [gene=RPL8] [db_xref=CCDS:CCDS6433.1,GeneID:6132] [protein=large ribosomal subunit protein uL2] [protein_id=NP_150644.1] [location=complement(join(144789804..144789962,144790355..144790470,144791277..144791495,144791773..144791914,144791992..144792129))] [gbkey=CDS]
RPL8	774	lcl|NC_000008.11_cds_NP_000964.1_59094 [gene=RPL8] [db_xref=CCDS:CCDS6433.1,GeneID:6132] [protein=large ribosomal subunit protein uL2] [protein_id=NP_000964.1] [location=complement(join(144789804..144789962,144790355..144790470,144791277..144791495,144791773..144791914,144791992..144792129))] [gbkey=CDS]
RPL8	774	lcl|NC_000008.11_cds_NP_001304700.1_59095 [gene=RPL8] [db_xref=CCDS:CCDS6433.1,GeneID:6132] [protein=large ribosomal subunit protein uL2] [protein_id=NP_001304700.1] [location=complement(join(144789804..144789962,144790355..144790470,144791277..144791495,144791773..144791914,144791992..144792129))] [gbkey=CDS]
RPL8	774	lcl|NC_000008.11_cds_NP_001304711.1_59096 [gene=RPL8] [db_xref=CCDS:CCDS6433.1,Ensembl:ENSP00000433464.2,GeneID:6132] [protein=large ribosomal subunit protein uL2] [protein_id=NP_001304711.1] [location=complement(join(144789804..144789962,144790355..144790470,144791277..144791495,144791773..144791914,144791992..144792129))] [gbkey=CDS]
RPS6	750	lcl|NC_000009.12_cds_NP_001001.2_59887 [gene=RPS6] [db_xref=CCDS:CCDS6492.1,Ensembl:ENSP00000369757.4,GeneID:6194] [protein=small ribosomal subunit protein eS6] [protein_id=NP_001001.2] [location=complement(join(19376293..19376388,19376494..19376651,19378368..19378514,19378708..19378918,19379487..19379618,19380190..19380195))] [gbkey=CDS]
RPL35	372	lcl|NC_000009.12_cds_NP_009140.1_63071 [gene=RPL35] [db_xref=CCDS:CCDS6858.1,Ensembl:ENSP00000259469.4,GeneID:11224] [protein=large ribosomal subunit protein uL29] [protein_id=NP_009140.1] [location=complement(join(124857918..124858067,124860183..124860264,124861419..124861555,124861910..124861912))] [gbkey=CDS]
RPL12	498	lcl|NC_000009.12_cds_NP_000967.1_63293 [gene=RPL12] [db_xref=CCDS:CCDS6872.1,Ensembl:ENSP00000354739.5,GeneID:6136] [protein=large ribosomal subunit protein uL11] [protein_id=NP_000967.1] [location=complement(join(127447721..127447726,127447877..127447989,127448337..127448423,127449281..127449362,127449610..127449708,127450731..127450804,127451281..127451317))] [gbkey=CDS]
RPL7A	801	lcl|NC_000009.12_cds_NP_000963.1_64049 [gene=RPL7A] [db_xref=CCDS:CCDS6965.1,Ensembl:ENSP00000361076.3,GeneID:6130] [protein=large ribosomal subunit protein eL8] [protein_id=NP_000963.1] [location=join(133348244..133348246,133348922..133349042,133349551..133349700,133349912..133350052,133350240..133350319,133350597..133350727,133351002..133351071,133351262..133351366)] [gbkey=CDS]
RPS24	870	lcl|NC_000010.11_cds_NP_001135757.1_68023 [gene=RPS24] [db_xref=CCDS:CCDS44443.1,GeneID:6229] [protein=small ribosomal subunit protein eS24 isoform d] [protein_id=NP_001135757.1] [location=join(78033902..78033904,78035352..78035417,78035511..78035720,78037194..78037304,78054531..78055010)] [gbkey=CDS]
RPS24	402	lcl|NC_000010.11_cds_NP_001017.1_68024 [gene=RPS24] [db_xref=CCDS:CCDS7355.1,GeneID:6229] [protein=small ribosomal subunit protein eS24 isoform c] [protein_id=NP_001017.1] [location=join(78033902..78033904,78035352..78035417,78035511..78035720,78037194..78037304,78040615..78040626)] [gbkey=CDS]
RPS24	396	lcl|NC_000010.11_cds_NP_001135754.1_68025 [gene=RPS24] [db_xref=CCDS:CCDS86123.1,GeneID:6229] [protein=small ribosomal subunit protein eS24 isoform b] [protein_id=NP_001135754.1] [location=join(78033902..78033904,78035352..78035417,78035511..78035720,78037194..78037304,78037439..78037441,78040204..78040206)] [gbkey=CDS]
RPS24	393	lcl|NC_000010.11_cds_NP_148982.1_68026 [gene=RPS24] [db_xref=CCDS:CCDS7356.1,Ensembl:ENSP00000361435.4,GeneID:6229] [protein=small ribosomal subunit protein eS24 isoform a] [protein_id=NP_148982.1] [location=join(78033902..78033904,78035352..78035417,78035511..78035720,78037194..78037304,78040204..78040206)] [gbkey=CDS]
RPS24	399	lcl|NC_000010.11_cds_NP_001135755.1_68027 [gene=RPS24] [db_xref=CCDS:CCDS86122.1,GeneID:6229] [protein=small ribosomal subunit protein eS24 isoform e] [protein_id=NP_001135755.1] [location=join(78033902..78033904,78035352..78035417,78035511..78035720,78037194..78037304,78037439..78037441,78037965..78037970)] [gbkey=CDS]
RPS24	396	lcl|NC_000010.11_cds_NP_001135756.1_68028 [gene=RPS24] [db_xref=CCDS:CCDS86124.1,GeneID:6229] [protein=small ribosomal subunit protein eS24 isoform b] [protein_id=NP_001135756.1] [location=join(78033902..78033904,78035352..78035417,78035511..78035720,78037194..78037304,78037965..78037970)] [gbkey=CDS]
RPL27A	447	lcl|NC_000011.10_cds_NP_000981.1_72036 [gene=RPL27A] [db_xref=CCDS:CCDS7790.1,Ensembl:ENSP00000346015.5,GeneID:6157] [protein=large ribosomal subunit protein uL15] [protein_id=NP_000981.1] [location=join(8682814..8682816,8683202..8683265,8684006..8684081,8684718..8684892,8685678..8685806)] [gbkey=CDS]
RPS13	456	lcl|NC_000011.10_cds_NP_001008.1_72402 [gene=RPS13] [db_xref=CCDS:CCDS7823.1,Ensembl:ENSP00000435777.1,GeneID:6207] [protein=small ribosomal subunit protein uS15] [protein_id=NP_001008.1] [location=complement(join(17074433..17074466,17075097..17075197,17075454..17075623,17077168..17077246,17077429..17077477,17077619..17077641))] [gbkey=CDS]
RPS6KA4	2319	lcl|NC_000011.10_cds_NP_003933.1_74810 [gene=RPS6KA4] [db_xref=CCDS:CCDS8073.1,Ensembl:ENSP00000333896.4,GeneID:8986] [protein=ribosomal protein S6 kinase alpha-4 isoform a] [protein_id=NP_003933.1] [location=join(64359236..64359290,64359378..64359449,64360163..64360381,64360477..64360592,64361134..64361241,64361469..64361549,64361642..64361745,64361852..64362002,64365301..64365465,64368132..64368260,64368468..64368601,64368704..64368797,64369446..64369619,64369699..64369893,64370225..64370384,64370563..64370726,64371283..64371480)] [gbkey=CDS]
RPS6KA4	2301	lcl|NC_000011.10_cds_NP_001006945.1_74811 [gene=RPS6KA4] [db_xref=GeneID:8986] [protein=ribosomal protein S6 kinase alpha-4 isoform b] [protein_id=NP_001006945.1] [location=join(64359236..64359290,64359378..64359449,64360163..64360381,64360477..64360592,64361134..64361241,64361469..64361549,64361642..64361745,64361852..64362002,64365301..64365465,64368132..64368260,64368486..64368601,64368704..64368797,64369446..64369619,64369699..64369893,64370225..64370384,64370563..64370726,64371283..64371480)] [gbkey=CDS]
RPS6KA4	2298	lcl|NC_000011.10_cds_NP_001287731.1_74812 [gene=RPS6KA4] [db_xref=CCDS:CCDS73313.1,GeneID:8986] [protein=ribosomal protein S6 kinase alpha-4 isoform c] [protein_id=NP_001287731.1] [location=join(64359236..64359290,64359378..64359449,64360163..64360381,64360477..64360592,64361134..64361241,64361469..64361549,64361642..64361745,64361852..64362002,64365301..64365465,64368132..64368260,64368489..64368601,64368704..64368797,64369446..64369619,64369699..64369893,64370225..64370384,64370563..64370726,64371283..64371480)] [gbkey=CDS]
RPS6KA4	2154	lcl|NC_000011.10_cds_XP_005274437.1_74813 [gene=RPS6KA4] [db_xref=GeneID:8986] [protein=ribosomal protein S6 kinase alpha-4 isoform X1] [protein_id=XP_005274437.1] [location=join(64359236..64359290,64359378..64359449,64360163..64360381,64360477..64360592,64361134..64361241,64361469..64361549,64361642..64361745,64361852..64362002,64368132..64368260,64368468..64368601,64368704..64368797,64369446..64369619,64369699..64369893,64370225..64370384,64370563..64370726,64371283..64371480)] [gbkey=CDS]
RPS6KA4	2136	lcl|NC_000011.10_cds_XP_047283799.1_74814 [gene=RPS6KA4] [db_xref=GeneID:8986] [protein=ribosomal protein S6 kinase alpha-4 isoform X2] [protein_id=XP_047283799.1] [location=join(64359236..64359290,64359378..64359449,64360163..64360381,64360477..64360592,64361134..64361241,64361469..64361549,64361642..64361745,64361852..64362002,64368132..64368260,64368486..64368601,64368704..64368797,64369446..64369619,64369699..64369893,64370225..64370384,64370563..64370726,64371283..64371480)] [gbkey=CDS]
RPS6KA4	2133	lcl|NC_000011.10_cds_XP_047283800.1_74815 [gene=RPS6KA4] [db_xref=GeneID:8986] [protein=ribosomal protein S6 kinase alpha-4 isoform X3] [protein_id=XP_047283800.1] [location=join(64359236..64359290,64359378..64359449,64360163..64360381,64360477..64360592,64361134..64361241,64361469..64361549,64361642..64361745,64361852..64362002,64368132..64368260,64368489..64368601,64368704..64368797,64369446..64369619,64369699..64369893,64370225..64370384,64370563..64370726,64371283..64371480)] [gbkey=CDS]
RPS6KA4	2130	lcl|NC_000011.10_cds_NP_001305290.1_74816 [gene=RPS6KA4] [db_xref=GeneID:8986] [protein=ribosomal protein S6 kinase alpha-4 isoform d] [protein_id=NP_001305290.1] [location=join(64360225..64360381,64360477..64360592,64361134..64361241,64361469..64361549,64361642..64361745,64361852..64362002,64365301..64365465,64368132..64368260,64368468..64368601,64368704..64368797,64369446..64369619,64369699..64369893,64370225..64370384,64370563..64370726,64371283..64371480)] [gbkey=CDS]
RPS6KB2	1449	lcl|NC_000011.10_cds_NP_003943.2_75391 [gene=RPS6KB2] [db_xref=CCDS:CCDS41677.1,Ensembl:ENSP00000308413.5,GeneID:6199] [protein=ribosomal protein S6 kinase beta-2] [protein_id=NP_003943.2] [location=join(67428546..67428623,67428982..67429022,67429120..67429240,67429527..67429595,67431368..67431515,67432600..67432657,67432737..67432837,67432952..67433042,67433126..67433216,67433340..67433447,67433995..67434057,67434198..67434275,67434377..67434484,67434582..67434694,67434989..67435169)] [gbkey=CDS]
RPS6KB2	891	lcl|NC_000011.10_cds_XP_047283351.1_75392 [gene=RPS6KB2] [db_xref=GeneID:6199] [protein=ribosomal protein S6 kinase beta-2 isoform X1] [protein_id=XP_047283351.1] [location=join(67428546..67428623,67428982..67429022,67429120..67429240,67429527..67429595,67431368..67431515,67432600..67432657,67432737..67432837,67432952..67433042,67433126..67433194,67433340..67433447,67433995..67434001)] [gbkey=CDS]
RPS6KB2	822	lcl|NC_000011.10_cds_XP_047283352.1_75393 [gene=RPS6KB2] [db_xref=GeneID:6199] [protein=ribosomal protein S6 kinase beta-2 isoform X3] [protein_id=XP_047283352.1] [location=join(67428546..67428623,67428982..67429022,67429120..67429240,67429527..67429595,67431368..67431515,67432600..67432657,67432737..67432837,67432952..67433042,67433340..67433447,67433995..67434001)] [gbkey=CDS]
RPS6KB2	849	lcl|NC_000011.10_cds_XP_006718719.1_75394 [gene=RPS6KB2] [db_xref=GeneID:6199] [protein=ribosomal protein S6 kinase beta-2 isoform X2] [protein_id=XP_006718719.1] [location=join(67432822..67432837,67432952..67433042,67433126..67433216,67433340..67433447,67433995..67434057,67434198..67434275,67434377..67434484,67434582..67434694,67434989..67435169)] [gbkey=CDS]
RPS3	780	lcl|NC_000011.10_cds_NP_001247435.1_76209 [gene=RPS3] [db_xref=CCDS:CCDS58161.1,GeneID:6188] [protein=small ribosomal subunit protein uS3 isoform 2] [protein_id=NP_001247435.1] [location=join(75399548..75399577,75400694..75400824,75401640..75401733,75402304..75402446,75404020..75404207,75404672..75404865)] [gbkey=CDS]
RPS3	732	lcl|NC_000011.10_cds_NP_000996.2_76210 [gene=RPS3] [db_xref=CCDS:CCDS8236.1,Ensembl:ENSP00000434643.1,GeneID:6188] [protein=small ribosomal subunit protein uS3 isoform 1] [protein_id=NP_000996.2] [location=join(75399548..75399577,75400694..75400824,75401640..75401733,75402352..75402446,75404020..75404207,75404672..75404865)] [gbkey=CDS]
RPS3	732	lcl|NC_000011.10_cds_NP_001243731.1_76211 [gene=RPS3] [db_xref=CCDS:CCDS8236.1,GeneID:6188] [protein=small ribosomal subunit protein uS3 isoform 1] [protein_id=NP_001243731.1] [location=join(75399548..75399577,75400694..75400824,75401640..75401733,75402352..75402446,75404020..75404207,75404672..75404865)] [gbkey=CDS]
RPS3	354	lcl|NC_000011.10_cds_NP_001247436.1_76212 [gene=RPS3] [db_xref=GeneID:6188] [protein=small ribosomal subunit protein uS3 isoform 3] [protein_id=NP_001247436.1] [location=join(75404048..75404207,75404672..75404865)] [gbkey=CDS]
RPS25	378	lcl|NC_000011.10_cds_NP_001019.1_78125 [gene=RPS25] [db_xref=CCDS:CCDS8406.1,Ensembl:ENSP00000435096.1,GeneID:6230] [protein=small ribosomal subunit protein eS25] [protein_id=NP_001019.1] [location=complement(join(119015845..119015939,119017362..119017545,119017958..119018053,119018282..119018284))] [gbkey=CDS]
RPS26	348	lcl|NC_000012.12_cds_NP_001020.2_82700 [gene=RPS26] [db_xref=CCDS:CCDS31832.1,Ensembl:ENSP00000496643.1,GeneID:6231] [protein=small ribosomal subunit protein eS26] [protein_id=NP_001020.2] [location=join(56042167..56042169,56042425..56042602,56043363..56043493,56044119..56044154)] [gbkey=CDS]
RPL41	78	lcl|NC_000012.12_cds_NP_066927.1_82706 [gene=RPL41] [db_xref=CCDS:CCDS44919.1,GeneID:6171] [protein=small ribosomal subunit protein eS32] [protein_id=NP_066927.1] [location=join(56116788..56116799,56117189..56117211,56117482..56117524)] [gbkey=CDS]
RPL41	78	lcl|NC_000012.12_cds_NP_001030344.1_82707 [gene=RPL41] [db_xref=CCDS:CCDS44919.1,Ensembl:ENSP00000449026.1,GeneID:6171] [protein=small ribosomal subunit protein eS32] [protein_id=NP_001030344.1] [location=join(56116788..56116799,56117189..56117211,56117482..56117524)] [gbkey=CDS]
RPL6	867	lcl|NC_000012.12_cds_NP_000961.2_85139 [gene=RPL6] [db_xref=CCDS:CCDS9162.1,Ensembl:ENSP00000202773.9,GeneID:6128] [protein=large ribosomal subunit protein eL6 isoform 1] [protein_id=NP_000961.2] [location=complement(join(112405224..112405376,112405853..112406037,112406294..112406342,112406747..112406890,112408240..112408338,112408420..112408656))] [gbkey=CDS]
RPL6	867	lcl|NC_000012.12_cds_XP_047285258.1_85140 [gene=RPL6] [db_xref=GeneID:6128] [protein=large ribosomal subunit protein eL6 isoform X1] [protein_id=XP_047285258.1] [location=complement(join(112405224..112405376,112405853..112406037,112406294..112406342,112406747..112406890,112408240..112408338,112408420..112408656))] [gbkey=CDS]
RPL6	867	lcl|NC_000012.12_cds_XP_047285259.1_85141 [gene=RPL6] [db_xref=GeneID:6128] [protein=large ribosomal subunit protein eL6 isoform X1] [protein_id=XP_047285259.1] [location=complement(join(112405224..112405376,112405853..112406037,112406294..112406342,112406747..112406890,112408240..112408338,112408420..112408656))] [gbkey=CDS]
RPL6	867	lcl|NC_000012.12_cds_NP_001019833.1_85142 [gene=RPL6] [db_xref=CCDS:CCDS9162.1,GeneID:6128] [protein=large ribosomal subunit protein eL6 isoform 1] [protein_id=NP_001019833.1] [location=complement(join(112405224..112405376,112405853..112406037,112406294..112406342,112406747..112406890,112408240..112408338,112408420..112408656))] [gbkey=CDS]
RPL6	867	lcl|NC_000012.12_cds_NP_001307066.1_85143 [gene=RPL6] [db_xref=CCDS:CCDS9162.1,GeneID:6128] [protein=large ribosomal subunit protein eL6 isoform 1] [protein_id=NP_001307066.1] [location=complement(join(112405224..112405376,112405853..112406037,112406294..112406342,112406747..112406890,112408240..112408338,112408420..112408656))] [gbkey=CDS]
RPL6	867	lcl|NC_000012.12_cds_NP_001307067.1_85144 [gene=RPL6] [db_xref=CCDS:CCDS9162.1,GeneID:6128] [protein=large ribosomal subunit protein eL6 isoform 1] [protein_id=NP_001307067.1] [location=complement(join(112405224..112405376,112405853..112406037,112406294..112406342,112406747..112406890,112408240..112408338,112408420..112408656))] [gbkey=CDS]
RPL6	867	lcl|NC_000012.12_cds_NP_001307068.1_85145 [gene=RPL6] [db_xref=CCDS:CCDS9162.1,GeneID:6128] [protein=large ribosomal subunit protein eL6 isoform 1] [protein_id=NP_001307068.1] [location=complement(join(112405224..112405376,112405853..112406037,112406294..112406342,112406747..112406890,112408240..112408338,112408420..112408656))] [gbkey=CDS]
RPL6	867	lcl|NC_000012.12_cds_NP_001307069.1_85146 [gene=RPL6] [db_xref=CCDS:CCDS9162.1,GeneID:6128] [protein=large ribosomal subunit protein eL6 isoform 1] [protein_id=NP_001307069.1] [location=complement(join(112405224..112405376,112405853..112406037,112406294..112406342,112406747..112406890,112408240..112408338,112408420..112408656))] [gbkey=CDS]
RPL6	867	lcl|NC_000012.12_cds_NP_001307070.1_85147 [gene=RPL6] [db_xref=CCDS:CCDS9162.1,GeneID:6128] [protein=large ribosomal subunit protein eL6 isoform 1] [protein_id=NP_001307070.1] [location=complement(join(112405224..112405376,112405853..112406037,112406294..112406342,112406747..112406890,112408240..112408338,112408420..112408656))] [gbkey=CDS]
RPL6	534	lcl|NC_000012.12_cds_XP_047285260.1_85148 [gene=RPL6] [db_xref=GeneID:6128] [protein=large ribosomal subunit protein eL6 isoform X2] [protein_id=XP_047285260.1] [location=complement(join(112405224..112405376,112405853..112406037,112406294..112406342,112406747..112406890,112408240..112408242))] [gbkey=CDS]
RPL6	534	lcl|NC_000012.12_cds_NP_001307071.1_85149 [gene=RPL6] [db_xref=GeneID:6128] [protein=large ribosomal subunit protein eL6 isoform 2] [protein_id=NP_001307071.1] [location=complement(join(112405224..112405376,112405853..112406037,112406294..112406342,112406747..112406890,112408240..112408242))] [gbkey=CDS]
RPL21	483	lcl|NC_000013.11_cds_NP_000973.2_86611 [gene=RPL21] [db_xref=CCDS:CCDS9320.1,Ensembl:ENSP00000346027.4,GeneID:6144] [protein=large ribosomal subunit protein eL21] [protein_id=NP_000973.2] [location=join(27253777..27253843,27254220..27254281,27255242..27255354,27256184..27256334,27256436..27256525)] [gbkey=CDS]
RPL10L	645	lcl|NC_000014.9_cds_NP_542784.1_89917 [gene=RPL10L] [db_xref=CCDS:CCDS32071.1,Ensembl:ENSP00000298283.3,GeneID:140801] [protein=ribosomal protein uL16-like] [protein_id=NP_542784.1] [location=complement(46651092..46651736)] [gbkey=CDS]
RPS29	204	lcl|NC_000014.9_cds_NP_001025172.1_89929 [gene=RPS29] [db_xref=CCDS:CCDS32072.1,GeneID:6235] [protein=small ribosomal subunit protein uS14 isoform 2] [protein_id=NP_001025172.1] [location=complement(join(49577812..49577853,49585950..49586049,49586285..49586346))] [gbkey=CDS]
RPS29	162	lcl|NC_000014.9_cds_NP_001338304.1_89930 [gene=RPS29] [db_xref=CCDS:CCDS86388.1,GeneID:6235] [protein=small ribosomal subunit protein uS14 isoform 3] [protein_id=NP_001338304.1] [location=complement(join(49583667..49583675,49585950..49586049,49598400..49598452))] [gbkey=CDS]
RPS29	171	lcl|NC_000014.9_cds_NP_001023.1_89931 [gene=RPS29] [db_xref=CCDS:CCDS9685.1,Ensembl:ENSP00000245458.7,GeneID:6235] [protein=small ribosomal subunit protein uS14 isoform 1] [protein_id=NP_001023.1] [location=complement(join(49583667..49583675,49585950..49586049,49586285..49586346))] [gbkey=CDS]
RPL36AL	321	lcl|NC_000014.9_cds_NP_000992.1_89934 [gene=RPL36AL] [db_xref=CCDS:CCDS9689.1,Ensembl:ENSP00000346012.5,GeneID:6166] [protein=ribosomal protein eL42-like] [protein_id=NP_000992.1] [location=complement(49618784..49619104)] [gbkey=CDS]
RPS6KL1	813	lcl|NC_000014.9_cds_NP_001357187.1_91416 [gene=RPS6KL1] [db_xref=GeneID:83694] [protein=ribosomal protein S6 kinase-like 1 isoform 7] [protein_id=NP_001357187.1] [location=complement(join(74904841..74904999,74908850..74908932,74911248..74911380,74911794..74911841,74919845..74919969,74921277..74921541))] [gbkey=CDS]
RPS6KL1	903	lcl|NC_000014.9_cds_NP_001357186.1_91417 [gene=RPS6KL1] [db_xref=GeneID:83694] [protein=ribosomal protein S6 kinase-like 1 isoform 6] [protein_id=NP_001357186.1] [location=complement(join(74904841..74904999,74908850..74908932,74909101..74909190,74911248..74911380,74911794..74911841,74919845..74919969,74921277..74921541))] [gbkey=CDS]
RPS6KL1	1698	lcl|NC_000014.9_cds_NP_001357181.1_91418 [gene=RPS6KL1] [db_xref=GeneID:83694] [protein=ribosomal protein S6 kinase-like 1 isoform 1] [protein_id=NP_001357181.1] [location=complement(join(74904841..74904999,74907435..74907530,74908850..74908932,74909101..74909190,74909543..74910148,74911248..74911380,74911794..74911841,74918513..74918605,74919845..74919969,74921277..74921541))] [gbkey=CDS]
RPS6KL1	1623	lcl|NC_000014.9_cds_XP_011535515.1_91419 [gene=RPS6KL1] [db_xref=GeneID:83694] [protein=ribosomal protein S6 kinase-like 1 isoform X7] [protein_id=XP_011535515.1] [location=complement(join(74904882..74904999,74907018..74907124,74907435..74907530,74908850..74908932,74909101..74909190,74909543..74910148,74911248..74911380,74919845..74919969,74921277..74921541))] [gbkey=CDS]
RPS6KL1	975	lcl|NC_000014.9_cds_XP_016877180.1_91420 [gene=RPS6KL1] [db_xref=GeneID:83694] [protein=ribosomal protein S6 kinase-like 1 isoform X14] [protein_id=XP_016877180.1] [location=complement(join(74904882..74904999,74907018..74907124,74907435..74907530,74908850..74908932,74911248..74911380,74911794..74911841,74919845..74919969,74921277..74921541))] [gbkey=CDS]
RPS6KL1	1065	lcl|NC_000014.9_cds_XP_047287756.1_91421 [gene=RPS6KL1] [db_xref=GeneID:83694] [protein=ribosomal protein S6 kinase-like 1 isoform X12] [protein_id=XP_047287756.1] [location=complement(join(74904882..74904999,74907018..74907124,74907435..74907530,74908850..74908932,74909101..74909190,74911248..74911380,74911794..74911841,74919845..74919969,74921277..74921541))] [gbkey=CDS]
RPS6KL1	1671	lcl|NC_000014.9_cds_XP_047287753.1_91422 [gene=RPS6KL1] [db_xref=GeneID:83694] [protein=ribosomal protein S6 kinase-like 1 isoform X6] [protein_id=XP_047287753.1] [location=complement(join(74904882..74904999,74907018..74907124,74907435..74907530,74908850..74908932,74909101..74909190,74909543..74910148,74911248..74911380,74911794..74911841,74919845..74919969,74921277..74921541))] [gbkey=CDS]
RPS6KL1	1671	lcl|NC_000014.9_cds_XP_011535513.1_91423 [gene=RPS6KL1] [db_xref=GeneID:83694] [protein=ribosomal protein S6 kinase-like 1 isoform X6] [protein_id=XP_011535513.1] [location=complement(join(74904882..74904999,74907018..74907124,74907435..74907530,74908850..74908932,74909101..74909190,74909543..74910148,74911248..74911380,74911794..74911841,74919845..74919969,74921277..74921541))] [gbkey=CDS]
RPS6KL1	1062	lcl|NC_000014.9_cds_NP_001357184.1_91424 [gene=RPS6KL1] [db_xref=GeneID:83694] [protein=ribosomal protein S6 kinase-like 1 isoform 4] [protein_id=NP_001357184.1] [location=complement(join(74904882..74904999,74907018..74907124,74908850..74908932,74909101..74909190,74911248..74911380,74911794..74911841,74918513..74918605,74919845..74919969,74921277..74921541))] [gbkey=CDS]
RPS6KL1	1764	lcl|NC_000014.9_cds_XP_016877171.1_91425 [gene=RPS6KL1] [db_xref=GeneID:83694] [protein=ribosomal protein S6 kinase-like 1 isoform X2] [protein_id=XP_016877171.1] [location=complement(join(74904882..74904999,74907018..74907124,74907435..74907530,74908850..74908932,74909101..74909190,74909543..74910148,74911248..74911380,74911794..74911841,74918513..74918605,74919845..74919969,74921277..74921541))] [gbkey=CDS]
RPS6KL1	1764	lcl|NC_000014.9_cds_XP_024305484.1_91426 [gene=RPS6KL1] [db_xref=GeneID:83694] [protein=ribosomal protein S6 kinase-like 1 isoform X2] [protein_id=XP_024305484.1] [location=complement(join(74904882..74904999,74907018..74907124,74907435..74907530,74908850..74908932,74909101..74909190,74909543..74910148,74911248..74911380,74911794..74911841,74918513..74918605,74919845..74919969,74921277..74921541))] [gbkey=CDS]
RPS6KL1	1764	lcl|NC_000014.9_cds_XP_024305485.1_91427 [gene=RPS6KL1] [db_xref=GeneID:83694] [protein=ribosomal protein S6 kinase-like 1 isoform X2] [protein_id=XP_024305485.1] [location=complement(join(74904882..74904999,74907018..74907124,74907435..74907530,74908850..74908932,74909101..74909190,74909543..74910148,74911248..74911380,74911794..74911841,74918513..74918605,74919845..74919969,74921277..74921541))] [gbkey=CDS]
RPS6KL1	1764	lcl|NC_000014.9_cds_XP_047287752.1_91428 [gene=RPS6KL1] [db_xref=GeneID:83694] [protein=ribosomal protein S6 kinase-like 1 isoform X2] [protein_id=XP_047287752.1] [location=complement(join(74904882..74904999,74907018..74907124,74907435..74907530,74908850..74908932,74909101..74909190,74909543..74910148,74911248..74911380,74911794..74911841,74918513..74918605,74919845..74919969,74921277..74921541))] [gbkey=CDS]
RPS6KL1	1206	lcl|NC_000014.9_cds_XP_016877177.1_91429 [gene=RPS6KL1] [db_xref=GeneID:83694] [protein=ribosomal protein S6 kinase-like 1 isoform X11] [protein_id=XP_016877177.1] [location=complement(join(74904882..74904999,74907018..74907124,74907435..74907530,74908850..74908932,74909101..74909190,74911248..74911380,74911794..74911841,74916473..74916520,74918513..74918605,74919845..74919969,74921277..74921541))] [gbkey=CDS]
RPS6KL1	1722	lcl|NC_000014.9_cds_XP_016877172.1_91430 [gene=RPS6KL1] [db_xref=GeneID:83694] [protein=ribosomal protein S6 kinase-like 1 isoform X3] [protein_id=XP_016877172.1] [location=complement(join(74904882..74904999,74907018..74907124,74907435..74907530,74908850..74908932,74909543..74910148,74911248..74911380,74911794..74911841,74916473..74916520,74918513..74918605,74919845..74919969,74921277..74921541))] [gbkey=CDS]
RPS6KL1	1716	lcl|NC_000014.9_cds_XP_016877173.1_91431 [gene=RPS6KL1] [db_xref=GeneID:83694] [protein=ribosomal protein S6 kinase-like 1 isoform X4] [protein_id=XP_016877173.1] [location=complement(join(74904882..74904999,74907018..74907124,74908850..74908932,74909101..74909190,74909543..74910148,74911248..74911380,74911794..74911841,74916473..74916520,74918513..74918605,74919845..74919969,74921277..74921541))] [gbkey=CDS]
RPS6KL1	1812	lcl|NC_000014.9_cds_XP_016877169.1_91432 [gene=RPS6KL1] [db_xref=GeneID:83694] [protein=ribosomal protein S6 kinase-like 1 isoform X1] [protein_id=XP_016877169.1] [location=complement(join(74904882..74904999,74907018..74907124,74907435..74907530,74908850..74908932,74909101..74909190,74909543..74910148,74911248..74911380,74911794..74911841,74916473..74916520,74918513..74918605,74919845..74919969,74921277..74921541))] [gbkey=CDS]
RPS6KL1	1812	lcl|NC_000014.9_cds_XP_011535508.1_91433 [gene=RPS6KL1] [db_xref=GeneID:83694] [protein=ribosomal protein S6 kinase-like 1 isoform X1] [protein_id=XP_011535508.1] [location=complement(join(74904882..74904999,74907018..74907124,74907435..74907530,74908850..74908932,74909101..74909190,74909543..74910148,74911248..74911380,74911794..74911841,74916473..74916520,74918513..74918605,74919845..74919969,74921277..74921541))] [gbkey=CDS]
RPS6KL1	1812	lcl|NC_000014.9_cds_XP_011535509.1_91434 [gene=RPS6KL1] [db_xref=GeneID:83694] [protein=ribosomal protein S6 kinase-like 1 isoform X1] [protein_id=XP_011535509.1] [location=complement(join(74904882..74904999,74907018..74907124,74907435..74907530,74908850..74908932,74909101..74909190,74909543..74910148,74911248..74911380,74911794..74911841,74916473..74916520,74918513..74918605,74919845..74919969,74921277..74921541))] [gbkey=CDS]
RPS6KL1	1569	lcl|NC_000014.9_cds_XP_047287755.1_91435 [gene=RPS6KL1] [db_xref=GeneID:83694] [protein=ribosomal protein S6 kinase-like 1 isoform X9] [protein_id=XP_047287755.1] [location=complement(join(74906744..74906759,74907018..74907124,74907435..74907530,74908850..74908932,74909101..74909190,74909543..74910148,74911248..74911380,74911794..74911841,74919845..74919969,74921277..74921541))] [gbkey=CDS]
RPS6KL1	1572	lcl|NC_000014.9_cds_XP_047287754.1_91436 [gene=RPS6KL1] [db_xref=GeneID:83694] [protein=ribosomal protein S6 kinase-like 1 isoform X8] [protein_id=XP_047287754.1] [location=complement(join(74906744..74906759,74907018..74907124,74907435..74907530,74908850..74908932,74909543..74910148,74911248..74911380,74911794..74911841,74918513..74918605,74919845..74919969,74921277..74921541))] [gbkey=CDS]
RPS6KL1	1710	lcl|NC_000014.9_cds_XP_016877174.1_91437 [gene=RPS6KL1] [db_xref=GeneID:83694] [protein=ribosomal protein S6 kinase-like 1 isoform X5] [protein_id=XP_016877174.1] [location=complement(join(74906744..74906759,74907018..74907124,74907435..74907530,74908850..74908932,74909101..74909190,74909543..74910148,74911248..74911380,74911794..74911841,74916473..74916520,74918513..74918605,74919845..74919969,74921277..74921541))] [gbkey=CDS]
RPS6KL1	954	lcl|NC_000014.9_cds_NP_001357185.1_91438 [gene=RPS6KL1] [db_xref=GeneID:83694] [protein=ribosomal protein S6 kinase-like 1 isoform 5] [protein_id=NP_001357185.1] [location=complement(join(74907014..74907124,74907435..74907530,74908850..74908932,74911248..74911380,74911794..74911841,74918513..74918605,74919845..74919969,74921277..74921541))] [gbkey=CDS]
RPS6KL1	1044	lcl|NC_000014.9_cds_XP_047287757.1_91439 [gene=RPS6KL1] [db_xref=GeneID:83694] [protein=ribosomal protein S6 kinase-like 1 isoform X13] [protein_id=XP_047287757.1] [location=complement(join(74907014..74907124,74907435..74907530,74908850..74908932,74909101..74909190,74911248..74911380,74911794..74911841,74918513..74918605,74919845..74919969,74921277..74921541))] [gbkey=CDS]
RPS6KL1	1650	lcl|NC_000014.9_cds_NP_113652.2_91440 [gene=RPS6KL1] [db_xref=CCDS:CCDS9834.2,Ensembl:ENSP00000450567.1,GeneID:83694] [protein=ribosomal protein S6 kinase-like 1 isoform 2] [protein_id=NP_113652.2] [location=complement(join(74907014..74907124,74907435..74907530,74908850..74908932,74909101..74909190,74909543..74910148,74911248..74911380,74911794..74911841,74918513..74918605,74919845..74919969,74921277..74921541))] [gbkey=CDS]
RPS6KL1	1536	lcl|NC_000014.9_cds_NP_001357182.1_91441 [gene=RPS6KL1] [db_xref=GeneID:83694] [protein=ribosomal protein S6 kinase-like 1 isoform 3] [protein_id=NP_001357182.1] [location=complement(join(74907393..74907530,74908850..74908932,74909101..74909190,74909543..74910148,74911248..74911380,74911794..74911841,74916473..74916520,74919845..74919969,74921277..74921541))] [gbkey=CDS]
RPS6KL1	1416	lcl|NC_000014.9_cds_XP_016877175.1_91442 [gene=RPS6KL1] [db_xref=GeneID:83694] [protein=ribosomal protein S6 kinase-like 1 isoform X10] [protein_id=XP_016877175.1] [location=complement(join(74908896..74908932,74909101..74909161,74909543..74910148,74911248..74911380,74911794..74911841,74916473..74916520,74918513..74918605,74919845..74919969,74921277..74921541))] [gbkey=CDS]
RPS6KA5	2190	lcl|NC_000014.9_cds_NP_001309161.1_91865 [gene=RPS6KA5] [db_xref=GeneID:9252] [protein=ribosomal protein S6 kinase alpha-5 isoform h] [protein_id=NP_001309161.1] [location=complement(join(90872074..90872322,90873632..90873795,90875201..90875360,90890487..90890678,90894413..90894583,90899329..90899422,90900108..90900241,90900611..90900736,90902808..90902969,90906149..90906299,90920206..90920309,90923113..90923196,90943078..90943185,90947435..90947550,91001088..91001159,91060332..91060434))] [gbkey=CDS]
RPS6KA5	2301	lcl|NC_000014.9_cds_NP_001309157.1_91866 [gene=RPS6KA5] [db_xref=GeneID:9252] [protein=ribosomal protein S6 kinase alpha-5 isoform d] [protein_id=NP_001309157.1] [location=complement(join(90872074..90872322,90873632..90873795,90875201..90875360,90890487..90890678,90894413..90894583,90899329..90899422,90900108..90900241,90900611..90900736,90902808..90902969,90906149..90906299,90920206..90920309,90923113..90923196,90947435..90947550,90978306..90978524,91001088..91001159,91060332..91060434))] [gbkey=CDS]
RPS6KA5	2325	lcl|NC_000014.9_cds_NP_001309165.1_91867 [gene=RPS6KA5] [db_xref=GeneID:9252] [protein=ribosomal protein S6 kinase alpha-5 isoform l] [protein_id=NP_001309165.1] [location=complement(join(90872074..90872322,90873632..90873795,90875201..90875360,90890487..90890678,90894413..90894583,90899329..90899422,90900108..90900241,90900611..90900736,90902808..90902969,90906149..90906299,90920206..90920309,90943078..90943185,90947435..90947550,90978306..90978524,91001088..91001159,91060332..91060434))] [gbkey=CDS]
RPS6KA5	2247	lcl|NC_000014.9_cds_NP_001309162.1_91868 [gene=RPS6KA5] [db_xref=GeneID:9252] [protein=ribosomal protein S6 kinase alpha-5 isoform i] [protein_id=NP_001309162.1] [location=complement(join(90872074..90872322,90873632..90873795,90875201..90875360,90890487..90890678,90894413..90894583,90899329..90899422,90900108..90900241,90900611..90900736,90906149..90906299,90920206..90920309,90923113..90923196,90943078..90943185,90947435..90947550,90978306..90978524,91001088..91001159,91060332..91060434))] [gbkey=CDS]
RPS6KA5	2388	lcl|NC_000014.9_cds_NP_001309158.1_91869 [gene=RPS6KA5] [db_xref=GeneID:9252] [protein=ribosomal protein S6 kinase alpha-5 isoform e] [protein_id=NP_001309158.1] [location=complement(join(90872074..90872322,90873632..90873795,90875201..90875339,90890487..90890678,90894413..90894583,90899329..90899422,90900108..90900241,90900611..90900736,90902808..90902969,90906149..90906299,90920206..90920309,90923113..90923196,90943078..90943185,90947435..90947550,90978306..90978524,91001088..91001159,91060332..91060434))] [gbkey=CDS]
RPS6KA5	2409	lcl|NC_000014.9_cds_NP_004746.2_91870 [gene=RPS6KA5] [db_xref=CCDS:CCDS9893.1,Ensembl:ENSP00000479667.1,GeneID:9252] [protein=ribosomal protein S6 kinase alpha-5 isoform a] [protein_id=NP_004746.2] [location=complement(join(90872074..90872322,90873632..90873795,90875201..90875360,90890487..90890678,90894413..90894583,90899329..90899422,90900108..90900241,90900611..90900736,90902808..90902969,90906149..90906299,90920206..90920309,90923113..90923196,90943078..90943185,90947435..90947550,90978306..90978524,91001088..91001159,91060332..91060434))] [gbkey=CDS]
RPS6KA5	2172	lcl|NC_000014.9_cds_NP_001309164.1_91871 [gene=RPS6KA5] [db_xref=CCDS:CCDS81839.1,GeneID:9252] [protein=ribosomal protein S6 kinase alpha-5 isoform k] [protein_id=NP_001309164.1] [location=complement(join(90872074..90872322,90873632..90873795,90875201..90875360,90890487..90890678,90894413..90894583,90899329..90899422,90900108..90900241,90900611..90900736,90902808..90902969,90906149..90906299,90920206..90920309,90923113..90923196,90943078..90943185,90947435..90947550,90978306..90978462))] [gbkey=CDS]
RPS6KA5	2172	lcl|NC_000014.9_cds_NP_001309166.1_91872 [gene=RPS6KA5] [db_xref=CCDS:CCDS81839.1,GeneID:9252] [protein=ribosomal protein S6 kinase alpha-5 isoform k] [protein_id=NP_001309166.1] [location=complement(join(90872074..90872322,90873632..90873795,90875201..90875360,90890487..90890678,90894413..90894583,90899329..90899422,90900108..90900241,90900611..90900736,90902808..90902969,90906149..90906299,90920206..90920309,90923113..90923196,90943078..90943185,90947435..90947550,90978306..90978462))] [gbkey=CDS]
RPS6KA5	1692	lcl|NC_000014.9_cds_NP_001309160.1_91873 [gene=RPS6KA5] [db_xref=GeneID:9252] [protein=ribosomal protein S6 kinase alpha-5 isoform g] [protein_id=NP_001309160.1] [location=complement(join(90872074..90872322,90873632..90873795,90875201..90875360,90890487..90890678,90894413..90894583,90899329..90899422,90900108..90900241,90900611..90900736,90902808..90902969,90906149..90906299,90923113..90923196,90943078..90943082))] [gbkey=CDS]
RPS6KA5	1833	lcl|NC_000014.9_cds_NP_001309163.1_91874 [gene=RPS6KA5] [db_xref=GeneID:9252] [protein=ribosomal protein S6 kinase alpha-5 isoform j] [protein_id=NP_001309163.1] [location=complement(join(90872074..90872322,90873632..90873795,90875201..90875360,90890487..90890678,90894413..90894583,90899329..90899422,90900108..90900241,90900611..90900736,90902808..90902969,90906149..90906299,90920206..90920309,90923113..90923233,90943078..90943082))] [gbkey=CDS]
RPS6KA5	1752	lcl|NC_000014.9_cds_NP_001309167.1_91875 [gene=RPS6KA5] [db_xref=GeneID:9252] [protein=ribosomal protein S6 kinase alpha-5 isoform m] [protein_id=NP_001309167.1] [location=complement(join(90872074..90872322,90873632..90873795,90875201..90875360,90890487..90890678,90894413..90894583,90899329..90899422,90900108..90900241,90900611..90900736,90902808..90902969,90906149..90906299,90920206..90920309,90923113..90923157))] [gbkey=CDS]
RPS6KA5	1608	lcl|NC_000014.9_cds_NP_001309159.1_91876 [gene=RPS6KA5] [db_xref=GeneID:9252] [protein=ribosomal protein S6 kinase alpha-5 isoform f] [protein_id=NP_001309159.1] [location=complement(join(90872074..90872322,90873632..90873795,90875201..90875360,90890487..90890678,90894413..90894583,90899329..90899422,90900108..90900241,90900611..90900736,90902808..90902969,90906149..90906299,90919280..90919284))] [gbkey=CDS]
RPS6KA5	1566	lcl|NC_000014.9_cds_NP_001309156.1_91877 [gene=RPS6KA5] [db_xref=GeneID:9252] [protein=ribosomal protein S6 kinase alpha-5 isoform c] [protein_id=NP_001309156.1] [location=complement(join(90872074..90872322,90873632..90873795,90875201..90875360,90890487..90890678,90894413..90894583,90899329..90899422,90900108..90900241,90900611..90900736,90902808..90902969,90906149..90906262))] [gbkey=CDS]
RPS6KA5	1650	lcl|NC_000014.9_cds_NP_872198.1_91878 [gene=RPS6KA5] [db_xref=CCDS:CCDS45149.1,GeneID:9252] [protein=ribosomal protein S6 kinase alpha-5 isoform b] [protein_id=NP_872198.1] [location=complement(join(90894407..90894583,90899329..90899422,90900108..90900241,90900611..90900736,90902808..90902969,90906149..90906299,90920206..90920309,90923113..90923196,90943078..90943185,90947435..90947550,90978306..90978524,91001088..91001159,91060332..91060434))] [gbkey=CDS]
RPS27L	255	lcl|NC_000015.10_cds_NP_057004.1_95195 [gene=RPS27L] [db_xref=CCDS:CCDS42048.1,Ensembl:ENSP00000331019.5,GeneID:51065] [protein=ribosomal protein eS27-like] [protein_id=NP_057004.1] [location=complement(join(63154032..63154060,63155621..63155731,63156413..63156521,63157400..63157405))] [gbkey=CDS]
RPL4	1284	lcl|NC_000015.10_cds_NP_000959.2_95530 [gene=RPL4] [db_xref=CCDS:CCDS10218.1,Ensembl:ENSP00000311430.6,GeneID:6124] [protein=large ribosomal subunit protein uL4] [protein_id=NP_000959.2] [location=complement(join(66499407..66499652,66500056..66500176,66500293..66500376,66500949..66501105,66501375..66501504,66501788..66501912,66502612..66502750,66503058..66503164,66503358..66503529,66504788..66504790))] [gbkey=CDS]
RPS17	408	lcl|NC_000015.10_cds_NP_001012.1_96487 [gene=RPS17] [db_xref=CCDS:CCDS10320.1,Ensembl:ENSP00000498019.1,GeneID:6218] [protein=small ribosomal subunit protein eS17] [protein_id=NP_001012.1] [location=complement(join(82536801..82536881,82538306..82538371,82538880..82538985,82539981..82540132,82540426..82540428))] [gbkey=CDS]
RPL3L	1224	lcl|NC_000016.10_cds_NP_005052.1_97801 [gene=RPL3L] [db_xref=CCDS:CCDS10450.1,Ensembl:ENSP00000268661.7,GeneID:6123] [protein=ribosomal protein uL3-like] [protein_id=NP_005052.1] [location=complement(join(1944837..1944893,1945499..1945618,1945835..1945930,1946625..1946726,1946938..1947098,1947194..1947380,1950844..1950979,1952874..1953042,1953956..1954148,1954629..1954631))] [gbkey=CDS]
RPL3L	1239	lcl|NC_000016.10_cds_XP_011520873.1_97802 [gene=RPL3L] [db_xref=GeneID:6123] [protein=ribosomal protein uL3-like isoform X1] [protein_id=XP_011520873.1] [location=complement(join(1944837..1944893,1945499..1945618,1945835..1945930,1946625..1946726,1946938..1947098,1947194..1947380,1950844..1950979,1952874..1953042,1953956..1954148,1954614..1954631))] [gbkey=CDS]
RPS2	882	lcl|NC_000016.10_cds_NP_002943.2_97804 [gene=RPS2] [db_xref=CCDS:CCDS10452.1,Ensembl:ENSP00000341885.4,GeneID:6187] [protein=small ribosomal subunit protein uS5] [protein_id=NP_002943.2] [location=complement(join(1962098..1962270,1962497..1962656,1962736..1962909,1963149..1963256,1964276..1964365,1964449..1964625))] [gbkey=CDS]
RPS15A	393	lcl|NC_000016.10_cds_NP_001010.2_98986 [gene=RPS15A] [db_xref=CCDS:CCDS10571.1,Ensembl:ENSP00000318646.4,GeneID:6210] [protein=small ribosomal subunit protein uS8] [protein_id=NP_001010.2] [location=complement(join(18783009..18783102,18784738..18784823,18788063..18788142,18788981..18789113))] [gbkey=CDS]
RPS15A	393	lcl|NC_000016.10_cds_NP_001025180.1_98987 [gene=RPS15A] [db_xref=CCDS:CCDS10571.1,GeneID:6210] [protein=small ribosomal subunit protein uS8] [protein_id=NP_001025180.1] [location=complement(join(18783009..18783102,18784738..18784823,18788063..18788142,18788981..18789113))] [gbkey=CDS]
RPL13	636	lcl|NC_000016.10_cds_NP_150254.1_102390 [gene=RPL13] [db_xref=CCDS:CCDS10979.1,GeneID:6137] [protein=large ribosomal subunit protein eL13 isoform 1] [protein_id=NP_150254.1] [location=join(89560960..89561063,89561227..89561368,89561578..89561751,89562335..89562391,89562884..89563042)] [gbkey=CDS]
RPL13	636	lcl|NC_000016.10_cds_NP_000968.2_102391 [gene=RPL13] [db_xref=CCDS:CCDS10979.1,Ensembl:ENSP00000307889.5,GeneID:6137] [protein=large ribosomal subunit protein eL13 isoform 1] [protein_id=NP_000968.2] [location=join(89560960..89561063,89561227..89561368,89561578..89561751,89562335..89562391,89562884..89563042)] [gbkey=CDS]
RPL13	495	lcl|NC_000016.10_cds_NP_001230060.1_102392 [gene=RPL13] [db_xref=CCDS:CCDS58492.1,GeneID:6137] [protein=large ribosomal subunit protein eL13 isoform 3] [protein_id=NP_001230060.1] [location=join(89560960..89561063,89561227..89561368,89561578..89561598,89561740..89561751,89562335..89562391,89562884..89563042)] [gbkey=CDS]
RPL26	438	lcl|NC_000017.11_cds_NP_000978.1_103631 [gene=RPL26] [db_xref=CCDS:CCDS11142.1,Ensembl:ENSP00000498177.1,GeneID:6154] [protein=large ribosomal subunit protein uL24] [protein_id=NP_000978.1] [location=complement(join(8377564..8377692,8379796..8379936,8382143..8382310))] [gbkey=CDS]
RPL26	438	lcl|NC_000017.11_cds_NP_001302460.1_103632 [gene=RPL26] [db_xref=CCDS:CCDS11142.1,GeneID:6154] [protein=large ribosomal subunit protein uL24] [protein_id=NP_001302460.1] [location=complement(join(8377564..8377692,8379796..8379936,8382143..8382310))] [gbkey=CDS]
RPL26	438	lcl|NC_000017.11_cds_NP_001302459.1_103633 [gene=RPL26] [db_xref=CCDS:CCDS11142.1,GeneID:6154] [protein=large ribosomal subunit protein uL24] [protein_id=NP_001302459.1] [location=complement(join(8377564..8377692,8379796..8379936,8382143..8382310))] [gbkey=CDS]
RPL23A	471	lcl|NC_000017.11_cds_NP_000975.2_104577 [gene=RPL23A] [db_xref=CCDS:CCDS11241.1,Ensembl:ENSP00000389103.2,GeneID:6147] [protein=large ribosomal subunit protein uL23] [protein_id=NP_000975.2] [location=join(28720006..28720030,28720707..28720890,28722723..28722899,28723571..28723640,28723867..28723881)] [gbkey=CDS]
RPL23	423	lcl|NC_000017.11_cds_NP_000969.1_105307 [gene=RPL23] [db_xref=CCDS:CCDS11330.1,Ensembl:ENSP00000420311.2,GeneID:9349] [protein=large ribosomal subunit protein uL14] [protein_id=NP_000969.1] [location=complement(join(38850132..38850214,38850362..38850475,38852604..38852732,38853022..38853105,38853698..38853710))] [gbkey=CDS]
RPL19	591	lcl|NC_000017.11_cds_NP_000972.1_105345 [gene=RPL19] [db_xref=CCDS:CCDS42312.1,Ensembl:ENSP00000225430.4,GeneID:6143] [protein=large ribosomal subunit protein eL19 isoform 1] [protein_id=NP_000972.1] [location=join(39200345..39200349,39201213..39201319,39202317..39202439,39202989..39203109,39204077..39204187,39204525..39204648)] [gbkey=CDS]
RPL19	585	lcl|NC_000017.11_cds_NP_001317129.1_105346 [gene=RPL19] [db_xref=CCDS:CCDS82113.1,GeneID:6143] [protein=large ribosomal subunit protein eL19 isoform 2] [protein_id=NP_001317129.1] [location=join(39201214..39201319,39202317..39202439,39202989..39203109,39204077..39204187,39204525..39204648)] [gbkey=CDS]
RPL27	411	lcl|NC_000017.11_cds_NP_001336851.1_105950 [gene=RPL27] [db_xref=CCDS:CCDS11449.1,GeneID:6155] [protein=large ribosomal subunit protein eL27] [protein_id=NP_001336851.1] [location=join(42998751..42998831,42999933..43000102,43002673..43002783,43002872..43002920)] [gbkey=CDS]
RPL27	411	lcl|NC_000017.11_cds_NP_001336850.1_105951 [gene=RPL27] [db_xref=CCDS:CCDS11449.1,GeneID:6155] [protein=large ribosomal subunit protein eL27] [protein_id=NP_001336850.1] [location=join(42998751..42998831,42999933..43000102,43002673..43002783,43002872..43002920)] [gbkey=CDS]
RPL27	411	lcl|NC_000017.11_cds_NP_000979.1_105952 [gene=RPL27] [db_xref=CCDS:CCDS11449.1,Ensembl:ENSP00000253788.5,GeneID:6155] [protein=large ribosomal subunit protein eL27] [protein_id=NP_000979.1] [location=join(42998751..42998831,42999933..43000102,43002673..43002783,43002872..43002920)] [gbkey=CDS]
RPS6KB1	1356	lcl|NC_000017.11_cds_NP_001258972.1_107672 [gene=RPS6KB1] [db_xref=CCDS:CCDS62271.1,GeneID:6198] [protein=ribosomal protein S6 kinase beta-1 isoform c] [protein_id=NP_001258972.1] [location=join(59893185..59893325,59910562..59910611,59912684..59912804,59914635..59914703,59926435..59926582,59930117..59930174,59931622..59931722,59934170..59934260,59934434..59934524,59935193..59935300,59936215..59936277,59936464..59936541,59940836..59940943,59945406..59945518,59947587..59947602)] [gbkey=CDS]
RPS6KB1	1578	lcl|NC_000017.11_cds_NP_003152.1_107673 [gene=RPS6KB1] [db_xref=CCDS:CCDS11621.1,Ensembl:ENSP00000225577.4,GeneID:6198] [protein=ribosomal protein S6 kinase beta-1 isoform a] [protein_id=NP_003152.1] [location=join(59893185..59893325,59910562..59910611,59912684..59912804,59914635..59914703,59926435..59926582,59930117..59930174,59931622..59931722,59934170..59934260,59934434..59934524,59935193..59935300,59936215..59936277,59936464..59936541,59940836..59940943,59945406..59945518,59946551..59946788)] [gbkey=CDS]
RPS6KB1	1470	lcl|NC_000017.11_cds_NP_001356598.1_107674 [gene=RPS6KB1] [db_xref=GeneID:6198] [protein=ribosomal protein S6 kinase beta-1 isoform f] [protein_id=NP_001356598.1] [location=join(59893185..59893325,59910562..59910611,59912684..59912804,59914635..59914703,59926435..59926582,59930117..59930174,59931622..59931722,59934170..59934260,59934434..59934524,59935193..59935300,59936215..59936277,59936464..59936541,59945406..59945518,59946551..59946788)] [gbkey=CDS]
RPS6KB1	1509	lcl|NC_000017.11_cds_NP_001258971.1_107675 [gene=RPS6KB1] [db_xref=CCDS:CCDS62272.1,GeneID:6198] [protein=ribosomal protein S6 kinase beta-1 isoform b] [protein_id=NP_001258971.1] [location=join(59893185..59893325,59910562..59910611,59912684..59912804,59926435..59926582,59930117..59930174,59931622..59931722,59934170..59934260,59934434..59934524,59935193..59935300,59936215..59936277,59936464..59936541,59940836..59940943,59945406..59945518,59946551..59946788)] [gbkey=CDS]
RPS6KB1	1338	lcl|NC_000017.11_cds_NP_001356600.1_107676 [gene=RPS6KB1] [db_xref=GeneID:6198] [protein=ribosomal protein S6 kinase beta-1 isoform h] [protein_id=NP_001356600.1] [location=join(59893185..59893325,59926435..59926582,59930117..59930174,59931622..59931722,59934170..59934260,59934434..59934524,59935193..59935300,59936215..59936277,59936464..59936541,59940836..59940943,59945406..59945518,59946551..59946788)] [gbkey=CDS]
RPS6KB1	1176	lcl|NC_000017.11_cds_XP_011523404.1_107677 [gene=RPS6KB1] [db_xref=GeneID:6198] [protein=ribosomal protein S6 kinase beta-1 isoform X1] [protein_id=XP_011523404.1] [location=join(59893185..59893325,59910562..59910611,59912684..59912804,59914635..59914703,59926435..59926582,59930117..59930174,59931622..59931722,59934170..59934260,59934434..59934524,59935193..59935300,59936215..59936277,59936464..59936541,59937578..59937626,59940836..59940843)] [gbkey=CDS]
RPS6KB1	660	lcl|NC_000017.11_cds_NP_001356603.1_107678 [gene=RPS6KB1] [db_xref=GeneID:6198] [protein=ribosomal protein S6 kinase beta-1 isoform k] [protein_id=NP_001356603.1] [location=join(59893185..59893325,59910562..59910611,59912684..59912804,59914635..59914703,59926435..59926582,59930117..59930174,59930800..59930872)] [gbkey=CDS]
RPS6KB1	660	lcl|NC_000017.11_cds_NP_001356604.1_107679 [gene=RPS6KB1] [db_xref=GeneID:6198] [protein=ribosomal protein S6 kinase beta-1 isoform k] [protein_id=NP_001356604.1] [location=join(59893185..59893325,59910562..59910611,59912684..59912804,59914635..59914703,59926435..59926582,59930117..59930174,59930800..59930872)] [gbkey=CDS]
RPS6KB1	624	lcl|NC_000017.11_cds_NP_001356608.1_107680 [gene=RPS6KB1] [db_xref=GeneID:6198] [protein=ribosomal protein S6 kinase beta-1 isoform l] [protein_id=NP_001356608.1] [location=join(59893185..59893325,59910562..59910611,59912684..59912804,59914635..59914703,59926435..59926582,59930117..59930174,59930358..59930394)] [gbkey=CDS]
RPS6KB1	624	lcl|NC_000017.11_cds_NP_001356605.1_107681 [gene=RPS6KB1] [db_xref=GeneID:6198] [protein=ribosomal protein S6 kinase beta-1 isoform l] [protein_id=NP_001356605.1] [location=join(59893185..59893325,59910562..59910611,59912684..59912804,59914635..59914703,59926435..59926582,59930117..59930174,59930358..59930394)] [gbkey=CDS]
RPS6KB1	624	lcl|NC_000017.11_cds_NP_001356606.1_107682 [gene=RPS6KB1] [db_xref=GeneID:6198] [protein=ribosomal protein S6 kinase beta-1 isoform l] [protein_id=NP_001356606.1] [location=join(59893185..59893325,59910562..59910611,59912684..59912804,59914635..59914703,59926435..59926582,59930117..59930174,59930358..59930394)] [gbkey=CDS]
RPS6KB1	624	lcl|NC_000017.11_cds_NP_001356607.1_107683 [gene=RPS6KB1] [db_xref=GeneID:6198] [protein=ribosomal protein S6 kinase beta-1 isoform l] [protein_id=NP_001356607.1] [location=join(59893185..59893325,59910562..59910611,59912684..59912804,59914635..59914703,59926435..59926582,59930117..59930174,59930358..59930394)] [gbkey=CDS]
RPS6KB1	1509	lcl|NC_000017.11_cds_NP_001258989.1_107684 [gene=RPS6KB1] [db_xref=GeneID:6198] [protein=ribosomal protein S6 kinase beta-1 isoform e] [protein_id=NP_001258989.1] [location=join(59893254..59893325,59910562..59910611,59912684..59912804,59914635..59914703,59926435..59926582,59930117..59930174,59931622..59931722,59934170..59934260,59934434..59934524,59935193..59935300,59936215..59936277,59936464..59936541,59940836..59940943,59945406..59945518,59946551..59946788)] [gbkey=CDS]
RPS6KB1	1419	lcl|NC_000017.11_cds_NP_001258973.1_107685 [gene=RPS6KB1] [db_xref=CCDS:CCDS62273.1,GeneID:6198] [protein=ribosomal protein S6 kinase beta-1 isoform d] [protein_id=NP_001258973.1] [location=join(59910580..59910611,59912684..59912804,59914635..59914703,59926435..59926582,59930117..59930174,59931622..59931722,59934170..59934260,59934434..59934524,59935193..59935300,59936215..59936277,59936464..59936541,59940836..59940943,59945406..59945518,59946551..59946788)] [gbkey=CDS]
RPS6KB1	1311	lcl|NC_000017.11_cds_NP_001356601.1_107686 [gene=RPS6KB1] [db_xref=GeneID:6198] [protein=ribosomal protein S6 kinase beta-1 isoform i] [protein_id=NP_001356601.1] [location=join(59910580..59910611,59912684..59912804,59914635..59914703,59926435..59926582,59930117..59930174,59931622..59931722,59934170..59934260,59934434..59934524,59935193..59935300,59936215..59936277,59936464..59936541,59945406..59945518,59946551..59946788)] [gbkey=CDS]
RPS6KB1	1356	lcl|NC_000017.11_cds_NP_001356599.1_107687 [gene=RPS6KB1] [db_xref=GeneID:6198] [protein=ribosomal protein S6 kinase beta-1 isoform g] [protein_id=NP_001356599.1] [location=join(59910580..59910611,59912684..59912804,59914635..59914703,59926435..59926582,59930117..59930174,59931622..59931722,59934170..59934260,59934434..59934524,59935193..59935300,59936464..59936541,59940836..59940943,59945406..59945518,59946551..59946788)] [gbkey=CDS]
RPS6KB1	465	lcl|NC_000017.11_cds_NP_001356602.1_107688 [gene=RPS6KB1] [db_xref=GeneID:6198] [protein=ribosomal protein S6 kinase beta-1 isoform j] [protein_id=NP_001356602.1] [location=join(59910580..59910611,59912684..59912804,59914635..59914703,59926435..59926582,59930117..59930174,59930358..59930394)] [gbkey=CDS]
RPL38	213	lcl|NC_000017.11_cds_NP_000990.1_108372 [gene=RPL38] [db_xref=CCDS:CCDS11696.1,Ensembl:ENSP00000309830.6,GeneID:6169] [protein=large ribosomal subunit protein eL38] [protein_id=NP_000990.1] [location=join(74203956..74203958,74204130..74204190,74209187..74209309,74209804..74209829)] [gbkey=CDS]
RPL38	213	lcl|NC_000017.11_cds_NP_001030335.1_108373 [gene=RPL38] [db_xref=CCDS:CCDS11696.1,GeneID:6169] [protein=large ribosomal subunit protein eL38] [protein_id=NP_001030335.1] [location=join(74203956..74203958,74204130..74204190,74209187..74209309,74209804..74209829)] [gbkey=CDS]
RPL17-C18orf32	687	lcl|NC_000018.10_cds_NP_001186284.1_111459 [gene=RPL17-C18orf32] [db_xref=GeneID:100526842] [protein=RPL17-C18orf32 protein isoform 1] [protein_id=NP_001186284.1] [location=complement(join(49483592..49483771,49489359..49489550,49490454..49490552,49490793..49490927,49491405..49491445,49491532..49491571))] [gbkey=CDS]
RPL17-C18orf32	573	lcl|NC_000018.10_cds_NP_001186285.1_111460 [gene=RPL17-C18orf32] [db_xref=GeneID:100526842] [protein=RPL17-C18orf32 protein isoform 2] [protein_id=NP_001186285.1] [location=complement(join(49483592..49483771,49489359..49489550,49490454..49490552,49490793..49490894))] [gbkey=CDS]
RPL17	525	lcl|NC_000018.10_cds_NP_001356490.1_111461 [gene=RPL17] [db_xref=CCDS:CCDS92461.1,GeneID:6139] [protein=large ribosomal subunit protein uL22 isoform d] [protein_id=NP_001356490.1] [location=complement(join(49488519..49488566,49489359..49489550,49490454..49490552,49490793..49490927,49491405..49491445,49491626..49491635))] [gbkey=CDS]
RPL17	525	lcl|NC_000018.10_cds_NP_001356489.1_111462 [gene=RPL17] [db_xref=CCDS:CCDS92461.1,GeneID:6139] [protein=large ribosomal subunit protein uL22 isoform d] [protein_id=NP_001356489.1] [location=complement(join(49488519..49488566,49489359..49489550,49490454..49490552,49490793..49490927,49491405..49491445,49491626..49491635))] [gbkey=CDS]
RPL17	555	lcl|NC_000018.10_cds_NP_001356485.1_111463 [gene=RPL17] [db_xref=CCDS:CCDS45865.1,GeneID:6139] [protein=large ribosomal subunit protein uL22 isoform a] [protein_id=NP_001356485.1] [location=complement(join(49488519..49488566,49489359..49489550,49490454..49490552,49490793..49490927,49491405..49491445,49491532..49491571))] [gbkey=CDS]
RPL17	555	lcl|NC_000018.10_cds_NP_001356486.1_111464 [gene=RPL17] [db_xref=CCDS:CCDS45865.1,GeneID:6139] [protein=large ribosomal subunit protein uL22 isoform a] [protein_id=NP_001356486.1] [location=complement(join(49488519..49488566,49489359..49489550,49490454..49490552,49490793..49490927,49491405..49491445,49491532..49491571))] [gbkey=CDS]
RPL17	555	lcl|NC_000018.10_cds_NP_001356487.1_111465 [gene=RPL17] [db_xref=CCDS:CCDS45865.1,GeneID:6139] [protein=large ribosomal subunit protein uL22 isoform a] [protein_id=NP_001356487.1] [location=complement(join(49488519..49488566,49489359..49489550,49490454..49490552,49490793..49490927,49491405..49491445,49491532..49491571))] [gbkey=CDS]
RPL17	555	lcl|NC_000018.10_cds_NP_001186269.1_111466 [gene=RPL17] [db_xref=CCDS:CCDS45865.1,GeneID:6139] [protein=large ribosomal subunit protein uL22 isoform a] [protein_id=NP_001186269.1] [location=complement(join(49488519..49488566,49489359..49489550,49490454..49490552,49490793..49490927,49491405..49491445,49491532..49491571))] [gbkey=CDS]
RPL17	555	lcl|NC_000018.10_cds_NP_001186270.1_111467 [gene=RPL17] [db_xref=CCDS:CCDS45865.1,GeneID:6139] [protein=large ribosomal subunit protein uL22 isoform a] [protein_id=NP_001186270.1] [location=complement(join(49488519..49488566,49489359..49489550,49490454..49490552,49490793..49490927,49491405..49491445,49491532..49491571))] [gbkey=CDS]
RPL17	555	lcl|NC_000018.10_cds_NP_001186271.1_111468 [gene=RPL17] [db_xref=CCDS:CCDS45865.1,GeneID:6139] [protein=large ribosomal subunit protein uL22 isoform a] [protein_id=NP_001186271.1] [location=complement(join(49488519..49488566,49489359..49489550,49490454..49490552,49490793..49490927,49491405..49491445,49491532..49491571))] [gbkey=CDS]
RPL17	555	lcl|NC_000018.10_cds_NP_001186272.1_111469 [gene=RPL17] [db_xref=CCDS:CCDS45865.1,GeneID:6139] [protein=large ribosomal subunit protein uL22 isoform a] [protein_id=NP_001186272.1] [location=complement(join(49488519..49488566,49489359..49489550,49490454..49490552,49490793..49490927,49491405..49491445,49491532..49491571))] [gbkey=CDS]
RPL17	555	lcl|NC_000018.10_cds_NP_001186273.1_111470 [gene=RPL17] [db_xref=CCDS:CCDS45865.1,GeneID:6139] [protein=large ribosomal subunit protein uL22 isoform a] [protein_id=NP_001186273.1] [location=complement(join(49488519..49488566,49489359..49489550,49490454..49490552,49490793..49490927,49491405..49491445,49491532..49491571))] [gbkey=CDS]
RPL17	555	lcl|NC_000018.10_cds_NP_000976.1_111471 [gene=RPL17] [db_xref=CCDS:CCDS45865.1,GeneID:6139] [protein=large ribosomal subunit protein uL22 isoform a] [protein_id=NP_000976.1] [location=complement(join(49488519..49488566,49489359..49489550,49490454..49490552,49490793..49490927,49491405..49491445,49491532..49491571))] [gbkey=CDS]
RPL17	555	lcl|NC_000018.10_cds_NP_001030178.1_111472 [gene=RPL17] [db_xref=CCDS:CCDS45865.1,Ensembl:ENSP00000462385.1,GeneID:6139] [protein=large ribosomal subunit protein uL22 isoform a] [protein_id=NP_001030178.1] [location=complement(join(49488519..49488566,49489359..49489550,49490454..49490552,49490793..49490927,49491405..49491445,49491532..49491571))] [gbkey=CDS]
RPL17	570	lcl|NC_000018.10_cds_NP_001356484.1_111473 [gene=RPL17] [db_xref=GeneID:6139] [protein=large ribosomal subunit protein uL22 isoform c] [protein_id=NP_001356484.1] [location=complement(join(49488519..49488566,49489359..49489550,49490454..49490552,49490793..49490927,49491405..49491445,49491517..49491571))] [gbkey=CDS]
RPL17	441	lcl|NC_000018.10_cds_NP_001356491.1_111474 [gene=RPL17] [db_xref=CCDS:CCDS56070.1,GeneID:6139] [protein=large ribosomal subunit protein uL22 isoform b] [protein_id=NP_001356491.1] [location=complement(join(49488519..49488566,49489359..49489550,49490454..49490552,49490793..49490894))] [gbkey=CDS]
RPL17	441	lcl|NC_000018.10_cds_NP_001356492.1_111475 [gene=RPL17] [db_xref=CCDS:CCDS56070.1,GeneID:6139] [protein=large ribosomal subunit protein uL22 isoform b] [protein_id=NP_001356492.1] [location=complement(join(49488519..49488566,49489359..49489550,49490454..49490552,49490793..49490894))] [gbkey=CDS]
RPL17	441	lcl|NC_000018.10_cds_NP_001186274.1_111476 [gene=RPL17] [db_xref=CCDS:CCDS56070.1,GeneID:6139] [protein=large ribosomal subunit protein uL22 isoform b] [protein_id=NP_001186274.1] [location=complement(join(49488519..49488566,49489359..49489550,49490454..49490552,49490793..49490894))] [gbkey=CDS]
RPS15	438	lcl|NC_000019.10_cds_NP_001009.1_112653 [gene=RPS15] [db_xref=CCDS:CCDS12067.1,Ensembl:ENSP00000467466.3,GeneID:6209] [protein=small ribosomal subunit protein uS19 isoform 2] [protein_id=NP_001009.1] [location=join(1438426..1438428,1438807..1438892,1440019..1440253,1440349..1440462)] [gbkey=CDS]
RPS15	459	lcl|NC_000019.10_cds_NP_001295155.1_112654 [gene=RPS15] [db_xref=CCDS:CCDS77210.1,GeneID:6209] [protein=small ribosomal subunit protein uS19 isoform 1] [protein_id=NP_001295155.1] [location=join(1438557..1438580,1438807..1438892,1440019..1440253,1440349..1440462)] [gbkey=CDS]
RPL36	318	lcl|NC_000019.10_cds_NP_056229.2_113227 [gene=RPL36] [db_xref=CCDS:CCDS12147.1,GeneID:25873] [protein=large ribosomal subunit protein eL36] [protein_id=NP_056229.2] [location=join(5690508..5690600,5691319..5691453,5691532..5691621)] [gbkey=CDS]
RPL36	318	lcl|NC_000019.10_cds_NP_378669.1_113228 [gene=RPL36] [db_xref=CCDS:CCDS12147.1,Ensembl:ENSP00000252543.3,GeneID:25873] [protein=large ribosomal subunit protein eL36] [protein_id=NP_378669.1] [location=join(5690508..5690600,5691319..5691453,5691532..5691621)] [gbkey=CDS]
RPS28	210	lcl|NC_000019.10_cds_XP_047295157.1_113594 [gene=RPS28] [db_xref=GeneID:6234] [protein=small ribosomal subunit protein eS28 isoform X1] [protein_id=XP_047295157.1] [location=join(8321531..8321569,8321656..8321703,8321953..8322075)] [gbkey=CDS]
RPS28	210	lcl|NC_000019.10_cds_NP_001022.1_113595 [gene=RPS28] [db_xref=CCDS:CCDS45953.1,Ensembl:ENSP00000472469.1,GeneID:6234] [protein=small ribosomal subunit protein eS28] [protein_id=NP_001022.1] [location=join(8321531..8321569,8321656..8321703,8321953..8322075)] [gbkey=CDS]
RPL18A	531	lcl|NC_000019.10_cds_NP_000971.1_114881 [gene=RPL18A] [db_xref=CCDS:CCDS12367.1,Ensembl:ENSP00000222247.4,GeneID:6142] [protein=large ribosomal subunit protein eL20] [protein_id=NP_000971.1] [location=join(17859957..17859974,17861293..17861472,17862094..17862223,17862918..17863027,17863171..17863263)] [gbkey=CDS]
RPS16	390	lcl|NC_000019.10_cds_NP_001308040.1_116603 [gene=RPS16] [db_xref=CCDS:CCDS82349.1,GeneID:6217] [protein=small ribosomal subunit protein uS9 isoform 2] [protein_id=NP_001308040.1] [location=complement(join(39433273..39433418,39433522..39433569,39433665..39433761,39435658..39435708,39435848..39435895))] [gbkey=CDS]
RPS16	441	lcl|NC_000019.10_cds_NP_001011.1_116604 [gene=RPS16] [db_xref=CCDS:CCDS12535.1,Ensembl:ENSP00000251453.2,GeneID:6217] [protein=small ribosomal subunit protein uS9 isoform 1] [protein_id=NP_001011.1] [location=complement(join(39433273..39433418,39433522..39433569,39433665..39433761,39435607..39435708,39435848..39435895))] [gbkey=CDS]
RPS16	459	lcl|NC_000019.10_cds_NP_001350789.1_116605 [gene=RPS16] [db_xref=CCDS:CCDS86768.1,GeneID:6217] [protein=small ribosomal subunit protein uS9 isoform 3] [protein_id=NP_001350789.1] [location=complement(join(39433350..39433418,39433522..39433761,39435607..39435708,39435848..39435895))] [gbkey=CDS]
RPS19	471	lcl|NC_000019.10_cds_NP_001308414.1_116914 [gene=RPS19] [db_xref=GeneID:6223] [protein=small ribosomal subunit protein eS19 isoform 2] [protein_id=NP_001308414.1] [location=join(41860775..41860845,41861112..41861225,41869031..41869214,41869699..41869753,41871351..41871397)] [gbkey=CDS]
RPS19	438	lcl|NC_000019.10_cds_NP_001308412.1_116915 [gene=RPS19] [db_xref=CCDS:CCDS12588.1,GeneID:6223] [protein=small ribosomal subunit protein eS19 isoform 1] [protein_id=NP_001308412.1] [location=join(41860775..41860845,41861112..41861212,41869031..41869214,41869699..41869753,41871351..41871377)] [gbkey=CDS]
RPS19	438	lcl|NC_000019.10_cds_NP_001308413.1_116916 [gene=RPS19] [db_xref=CCDS:CCDS12588.1,GeneID:6223] [protein=small ribosomal subunit protein eS19 isoform 1] [protein_id=NP_001308413.1] [location=join(41860775..41860845,41861112..41861212,41869031..41869214,41869699..41869753,41871351..41871377)] [gbkey=CDS]
RPS19	438	lcl|NC_000019.10_cds_NP_001013.1_116917 [gene=RPS19] [db_xref=CCDS:CCDS12588.1,Ensembl:ENSP00000470972.1,GeneID:6223] [protein=small ribosomal subunit protein eS19 isoform 1] [protein_id=NP_001013.1] [location=join(41860775..41860845,41861112..41861212,41869031..41869214,41869699..41869753,41871351..41871377)] [gbkey=CDS]
RPL18	480	lcl|NC_000019.10_cds_NP_001257419.1_117925 [gene=RPL18] [db_xref=CCDS:CCDS58669.1,GeneID:6141] [protein=large ribosomal subunit protein eL18 isoform 2] [protein_id=NP_001257419.1] [location=complement(join(48615372..48615447,48615877..48615946,48616079..48616202,48616726..48616824,48617316..48617423,48619141..48619143))] [gbkey=CDS]
RPL18	567	lcl|NC_000019.10_cds_NP_000970.1_117926 [gene=RPL18] [db_xref=CCDS:CCDS12726.1,Ensembl:ENSP00000447001.1,GeneID:6141] [protein=large ribosomal subunit protein eL18 isoform 1] [protein_id=NP_000970.1] [location=complement(join(48615372..48615447,48615877..48615946,48616079..48616202,48616726..48616824,48617316..48617423,48617791..48617877,48619141..48619143))] [gbkey=CDS]
RPL13A	612	lcl|NC_000019.10_cds_NP_036555.1_118151 [gene=RPL13A] [db_xref=CCDS:CCDS12768.1,Ensembl:ENSP00000375730.4,GeneID:23521] [protein=large ribosomal subunit protein uL13 isoform 1] [protein_id=NP_036555.1] [location=join(49487630..49487644,49489850..49489922,49490232..49490297,49490475..49490576,49490779..49490864,49491040..49491099,49491425..49491547,49491729..49491815)] [gbkey=CDS]
RPL13A	429	lcl|NC_000019.10_cds_NP_001257420.1_118152 [gene=RPL13A] [db_xref=CCDS:CCDS74421.1,GeneID:23521] [protein=large ribosomal subunit protein uL13 isoform 2] [protein_id=NP_001257420.1] [location=join(49490504..49490576,49490779..49490864,49491040..49491099,49491425..49491547,49491729..49491815)] [gbkey=CDS]
RPS11	477	lcl|NC_000019.10_cds_NP_001006.1_118153 [gene=RPS11] [db_xref=CCDS:CCDS12769.1,Ensembl:ENSP00000270625.1,GeneID:6205] [protein=small ribosomal subunit protein uS17] [protein_id=NP_001006.1] [location=join(49496457..49496471,49497194..49497325,49497520..49497595,49497917..49498046,49499512..49499635)] [gbkey=CDS]
RPS9	585	lcl|NC_000019.10_cds_NP_001308631.1_119092 [gene=RPS9] [db_xref=CCDS:CCDS12884.1,GeneID:6203] [protein=small ribosomal subunit protein uS4 isoform a] [protein_id=NP_001308631.1] [location=join(54201185..54201281,54201487..54201609,54206276..54206462,54207398..54207575)] [gbkey=CDS]
RPS9	585	lcl|NC_000019.10_cds_NP_001308633.1_119093 [gene=RPS9] [db_xref=CCDS:CCDS12884.1,GeneID:6203] [protein=small ribosomal subunit protein uS4 isoform a] [protein_id=NP_001308633.1] [location=join(54201185..54201281,54201487..54201609,54206276..54206462,54207398..54207575)] [gbkey=CDS]
RPS9	585	lcl|NC_000019.10_cds_NP_001308630.1_119094 [gene=RPS9] [db_xref=CCDS:CCDS12884.1,GeneID:6203] [protein=small ribosomal subunit protein uS4 isoform a] [protein_id=NP_001308630.1] [location=join(54201185..54201281,54201487..54201609,54206276..54206462,54207398..54207575)] [gbkey=CDS]
RPS9	585	lcl|NC_000019.10_cds_NP_001004.2_119095 [gene=RPS9] [db_xref=CCDS:CCDS12884.1,Ensembl:ENSP00000302896.4,GeneID:6203] [protein=small ribosomal subunit protein uS4 isoform a] [protein_id=NP_001004.2] [location=join(54201185..54201281,54201487..54201609,54206276..54206462,54207398..54207575)] [gbkey=CDS]
RPS9	462	lcl|NC_000019.10_cds_NP_001308634.1_119096 [gene=RPS9] [db_xref=GeneID:6203] [protein=small ribosomal subunit protein uS4 isoform b] [protein_id=NP_001308634.1] [location=join(54201185..54201281,54206276..54206462,54207398..54207575)] [gbkey=CDS]
RPS9	240	lcl|NC_000019.10_cds_NP_001308635.1_119097 [gene=RPS9] [db_xref=CCDS:CCDS82397.1,GeneID:6203] [protein=small ribosomal subunit protein uS4 isoform c] [protein_id=NP_001308635.1] [location=join(54201185..54201281,54201487..54201609,54207398..54207417)] [gbkey=CDS]
RPS9	240	lcl|NC_000019.10_cds_XP_016882601.1_119098 [gene=RPS9] [db_xref=GeneID:6203] [protein=small ribosomal subunit protein uS4 isoform X1] [protein_id=XP_016882601.1] [location=join(54201185..54201281,54201487..54201609,54207398..54207417)] [gbkey=CDS]
RPL28	513	lcl|NC_000019.10_cds_NP_001350626.1_119367 [gene=RPL28] [db_xref=CCDS:CCDS86809.1,GeneID:6158] [protein=large ribosomal subunit protein eL28 isoform 6] [protein_id=NP_001350626.1] [location=join(55386358..55386438,55386570..55386693,55387930..55388048,55402943..55403131)] [gbkey=CDS]
RPL28	510	lcl|NC_000019.10_cds_NP_001129607.1_119368 [gene=RPL28] [db_xref=CCDS:CCDS46189.1,GeneID:6158] [protein=large ribosomal subunit protein eL28 isoform 3] [protein_id=NP_001129607.1] [location=join(55386358..55386438,55386570..55386693,55387930..55388048,55391554..55391739)] [gbkey=CDS]
RPL28	414	lcl|NC_000019.10_cds_NP_000982.2_119369 [gene=RPL28] [db_xref=CCDS:CCDS12924.1,Ensembl:ENSP00000342787.3,GeneID:6158] [protein=large ribosomal subunit protein eL28 isoform 2] [protein_id=NP_000982.2] [location=join(55386358..55386438,55386570..55386693,55387930..55388048,55388243..55388332)] [gbkey=CDS]
RPL28	492	lcl|NC_000019.10_cds_NP_001129606.1_119370 [gene=RPL28] [db_xref=CCDS:CCDS46190.1,GeneID:6158] [protein=large ribosomal subunit protein eL28 isoform 1] [protein_id=NP_001129606.1] [location=join(55386358..55386438,55386570..55386693,55387930..55388216)] [gbkey=CDS]
RPL28	210	lcl|NC_000019.10_cds_NP_001129609.1_119371 [gene=RPL28] [db_xref=CCDS:CCDS46191.1,GeneID:6158] [protein=large ribosomal subunit protein eL28 isoform 5] [protein_id=NP_001129609.1] [location=join(55386358..55386438,55386570..55386693,55387285..55387289)] [gbkey=CDS]
RPL28	264	lcl|NC_000019.10_cds_NP_001129608.1_119372 [gene=RPL28] [db_xref=CCDS:CCDS46192.1,GeneID:6158] [protein=large ribosomal subunit protein eL28 isoform 4] [protein_id=NP_001129608.1] [location=join(55386358..55386438,55386570..55386752)] [gbkey=CDS]
RPS5	615	lcl|NC_000019.10_cds_NP_001000.2_119877 [gene=RPS5] [db_xref=CCDS:CCDS12978.1,Ensembl:ENSP00000196551.3,GeneID:6193] [protein=small ribosomal subunit protein uS7] [protein_id=NP_001000.2] [location=join(58388138..58388245,58392976..58393185,58393359..58393487,58394497..58394595,58394682..58394750)] [gbkey=CDS]
RPS21	252	lcl|NC_000020.11_cds_NP_001015.1_122736 [gene=RPS21] [db_xref=CCDS:CCDS13497.1,Ensembl:ENSP00000345957.3,GeneID:6227] [protein=small ribosomal subunit protein eS21] [protein_id=NP_001015.1] [location=join(62387339..62387388,62387611..62387674,62387843..62387914,62388309..62388364,62388457..62388466)] [gbkey=CDS]
RPL3	1065	lcl|NC_000022.11_cds_NP_001029025.1_126352 [gene=RPL3] [db_xref=GeneID:6122] [protein=large ribosomal subunit protein uL3 isoform b] [protein_id=NP_001029025.1] [location=complement(join(39312940..39312984,39313191..39313310,39313634..39313729,39314107..39314208,39314686..39314846,39315369..39315525,39316823..39316841,39317461..39317629,39318400..39318592,39319595..39319597))] [gbkey=CDS]
RPL3	1212	lcl|NC_000022.11_cds_NP_000958.1_126353 [gene=RPL3] [db_xref=CCDS:CCDS13988.1,Ensembl:ENSP00000346001.3,GeneID:6122] [protein=large ribosomal subunit protein uL3 isoform a] [protein_id=NP_000958.1] [location=complement(join(39312940..39312984,39313191..39313310,39313634..39313729,39314107..39314208,39314686..39314846,39315369..39315555,39316706..39316841,39317461..39317629,39318400..39318592,39319595..39319597))] [gbkey=CDS]
RPS19BP1	411	lcl|NC_000022.11_cds_NP_919307.1_126366 [gene=RPS19BP1] [db_xref=CCDS:CCDS13997.1,Ensembl:ENSP00000333948.3,GeneID:91582] [protein=active regulator of SIRT1] [protein_id=NP_919307.1] [location=complement(join(39529492..39529623,39529820..39529917,39532395..39532523,39532687..39532738))] [gbkey=CDS]
RPS6KA3	2220	lcl|NC_000023.11_cds_XP_047298289.1_127825 [gene=RPS6KA3] [db_xref=GeneID:6197] [protein=ribosomal protein S6 kinase alpha-3 isoform X5] [protein_id=XP_047298289.1] [location=complement(join(20151337..20151368,20155430..20155520,20156109..20156249,20161644..20161761,20162964..20163040,20164899..20165060,20167589..20167747,20169402..20169491,20172746..20172868,20175164..20175288,20176250..20176352,20176434..20176498,20176996..20177084,20186296..20186366,20187828..20187970,20188497..20188534,20193487..20193593,20194189..20194268,20195065..20195145,20204022..20204103,20209288..20209404,20234758..20234814,20266564..20266632))] [gbkey=CDS]
RPS6KA3	2223	lcl|NC_000023.11_cds_XP_047298288.1_127826 [gene=RPS6KA3] [db_xref=GeneID:6197] [protein=ribosomal protein S6 kinase alpha-3 isoform X3] [protein_id=XP_047298288.1] [location=complement(join(20151337..20151368,20155430..20155520,20156109..20156249,20161644..20161761,20162964..20163040,20164899..20165060,20167589..20167747,20169402..20169491,20172746..20172871,20175164..20175288,20176250..20176352,20176434..20176498,20176996..20177084,20186296..20186366,20187828..20187970,20188497..20188534,20193487..20193593,20194189..20194268,20195065..20195145,20204022..20204103,20209288..20209404,20234758..20234814,20266564..20266632))] [gbkey=CDS]
RPS6KA3	2241	lcl|NC_000023.11_cds_XP_011543857.1_127827 [gene=RPS6KA3] [db_xref=GeneID:6197] [protein=ribosomal protein S6 kinase alpha-3 isoform X1] [protein_id=XP_011543857.1] [location=complement(join(20151337..20151368,20155430..20155520,20156109..20156249,20161644..20161761,20162964..20163040,20164899..20165060,20167589..20167747,20169402..20169491,20172746..20172871,20175164..20175288,20176250..20176352,20176434..20176516,20176996..20177084,20186296..20186366,20187828..20187970,20188497..20188534,20193487..20193593,20194189..20194268,20195065..20195145,20204022..20204103,20209288..20209404,20234758..20234814,20266564..20266632))] [gbkey=CDS]
RPS6KA3	2139	lcl|NC_000023.11_cds_XP_047298291.1_127828 [gene=RPS6KA3] [db_xref=GeneID:6197] [protein=ribosomal protein S6 kinase alpha-3 isoform X9] [protein_id=XP_047298291.1] [location=complement(join(20151337..20151368,20155430..20155520,20156109..20156249,20161644..20161761,20162964..20163040,20164899..20165060,20167589..20167747,20169402..20169491,20172746..20172871,20175164..20175288,20176250..20176352,20176434..20176498,20176996..20177084,20186296..20186366,20187828..20187970,20188497..20188534,20193487..20193593,20194189..20194268,20195065..20195145,20204022..20204103,20209288..20209404,20234758..20234799))] [gbkey=CDS]
RPS6KA3	2220	lcl|NC_000023.11_cds_XP_005274630.1_127829 [gene=RPS6KA3] [db_xref=GeneID:6197] [protein=ribosomal protein S6 kinase alpha-3 isoform X4] [protein_id=XP_005274630.1] [location=complement(join(20155398..20155520,20156109..20156249,20161644..20161761,20162964..20163040,20164899..20165060,20167589..20167747,20169402..20169491,20172746..20172868,20175164..20175288,20176250..20176352,20176434..20176498,20176996..20177084,20186296..20186366,20187828..20187970,20188497..20188534,20193487..20193593,20194189..20194268,20195065..20195145,20204022..20204103,20209288..20209404,20234758..20234814,20266564..20266632))] [gbkey=CDS]
RPS6KA3	2223	lcl|NC_000023.11_cds_NP_004577.1_127830 [gene=RPS6KA3] [db_xref=CCDS:CCDS14197.1,Ensembl:ENSP00000368884.3,GeneID:6197] [protein=ribosomal protein S6 kinase alpha-3 isoform 1] [protein_id=NP_004577.1] [location=complement(join(20155398..20155520,20156109..20156249,20161644..20161761,20162964..20163040,20164899..20165060,20167589..20167747,20169402..20169491,20172746..20172871,20175164..20175288,20176250..20176352,20176434..20176498,20176996..20177084,20186296..20186366,20187828..20187970,20188497..20188534,20193487..20193593,20194189..20194268,20195065..20195145,20204022..20204103,20209288..20209404,20234758..20234814,20266564..20266632))] [gbkey=CDS]
RPS6KA3	2238	lcl|NC_000023.11_cds_XP_011543858.1_127831 [gene=RPS6KA3] [db_xref=GeneID:6197] [protein=ribosomal protein S6 kinase alpha-3 isoform X2] [protein_id=XP_011543858.1] [location=complement(join(20155398..20155520,20156109..20156249,20161644..20161761,20162964..20163040,20164899..20165060,20167589..20167747,20169402..20169491,20172746..20172868,20175164..20175288,20176250..20176352,20176434..20176516,20176996..20177084,20186296..20186366,20187828..20187970,20188497..20188534,20193487..20193593,20194189..20194268,20195065..20195145,20204022..20204103,20209288..20209404,20234758..20234814,20266564..20266632))] [gbkey=CDS]
RPS6KA3	2136	lcl|NC_000023.11_cds_XP_016885208.1_127832 [gene=RPS6KA3] [db_xref=GeneID:6197] [protein=ribosomal protein S6 kinase alpha-3 isoform X11] [protein_id=XP_016885208.1] [location=complement(join(20155398..20155520,20156109..20156249,20161644..20161761,20162964..20163040,20164899..20165060,20167589..20167747,20169402..20169491,20172746..20172868,20175164..20175288,20176250..20176352,20176434..20176498,20176996..20177084,20186296..20186366,20187828..20187970,20188497..20188534,20193487..20193593,20194189..20194268,20195065..20195145,20204022..20204103,20209288..20209404,20234758..20234799))] [gbkey=CDS]
RPS6KA3	2136	lcl|NC_000023.11_cds_XP_047298292.1_127833 [gene=RPS6KA3] [db_xref=GeneID:6197] [protein=ribosomal protein S6 kinase alpha-3 isoform X11] [protein_id=XP_047298292.1] [location=complement(join(20155398..20155520,20156109..20156249,20161644..20161761,20162964..20163040,20164899..20165060,20167589..20167747,20169402..20169491,20172746..20172868,20175164..20175288,20176250..20176352,20176434..20176498,20176996..20177084,20186296..20186366,20187828..20187970,20188497..20188534,20193487..20193593,20194189..20194268,20195065..20195145,20204022..20204103,20209288..20209404,20234758..20234799))] [gbkey=CDS]
RPS6KA3	2139	lcl|NC_000023.11_cds_XP_047298290.1_127834 [gene=RPS6KA3] [db_xref=GeneID:6197] [protein=ribosomal protein S6 kinase alpha-3 isoform X8] [protein_id=XP_047298290.1] [location=complement(join(20155398..20155520,20156109..20156249,20161644..20161761,20162964..20163040,20164899..20165060,20167589..20167747,20169402..20169491,20172746..20172871,20175164..20175288,20176250..20176352,20176434..20176498,20176996..20177084,20186296..20186366,20187828..20187970,20188497..20188534,20193487..20193593,20194189..20194268,20195065..20195145,20204022..20204103,20209288..20209404,20234758..20234799))] [gbkey=CDS]
RPS6KA3	2139	lcl|NC_000023.11_cds_NP_001425269.1_127835 [gene=RPS6KA3] [db_xref=GeneID:6197] [protein=ribosomal protein S6 kinase alpha-3 isoform 2] [protein_id=NP_001425269.1] [location=complement(join(20155398..20155520,20156109..20156249,20161644..20161761,20162964..20163040,20164899..20165060,20167589..20167747,20169402..20169491,20172746..20172871,20175164..20175288,20176250..20176352,20176434..20176498,20176996..20177084,20186296..20186366,20187828..20187970,20188497..20188534,20193487..20193593,20194189..20194268,20195065..20195145,20204022..20204103,20209288..20209404,20234758..20234799))] [gbkey=CDS]
RPS6KA3	2157	lcl|NC_000023.11_cds_XP_011543859.1_127836 [gene=RPS6KA3] [db_xref=GeneID:6197] [protein=ribosomal protein S6 kinase alpha-3 isoform X6] [protein_id=XP_011543859.1] [location=complement(join(20155398..20155520,20156109..20156249,20161644..20161761,20162964..20163040,20164899..20165060,20167589..20167747,20169402..20169491,20172746..20172871,20175164..20175288,20176250..20176352,20176434..20176516,20176996..20177084,20186296..20186366,20187828..20187970,20188497..20188534,20193487..20193593,20194189..20194268,20195065..20195145,20204022..20204103,20209288..20209404,20234758..20234799))] [gbkey=CDS]
RPS6KA3	2157	lcl|NC_000023.11_cds_XP_011543862.1_127837 [gene=RPS6KA3] [db_xref=GeneID:6197] [protein=ribosomal protein S6 kinase alpha-3 isoform X6] [protein_id=XP_011543862.1] [location=complement(join(20155398..20155520,20156109..20156249,20161644..20161761,20162964..20163040,20164899..20165060,20167589..20167747,20169402..20169491,20172746..20172871,20175164..20175288,20176250..20176352,20176434..20176516,20176996..20177084,20186296..20186366,20187828..20187970,20188497..20188534,20193487..20193593,20194189..20194268,20195065..20195145,20204022..20204103,20209288..20209404,20234758..20234799))] [gbkey=CDS]
RPS6KA3	2157	lcl|NC_000023.11_cds_XP_011543863.1_127838 [gene=RPS6KA3] [db_xref=GeneID:6197] [protein=ribosomal protein S6 kinase alpha-3 isoform X6] [protein_id=XP_011543863.1] [location=complement(join(20155398..20155520,20156109..20156249,20161644..20161761,20162964..20163040,20164899..20165060,20167589..20167747,20169402..20169491,20172746..20172871,20175164..20175288,20176250..20176352,20176434..20176516,20176996..20177084,20186296..20186366,20187828..20187970,20188497..20188534,20193487..20193593,20194189..20194268,20195065..20195145,20204022..20204103,20209288..20209404,20234758..20234799))] [gbkey=CDS]
RPS6KA3	2133	lcl|NC_000023.11_cds_XP_005274634.1_127839 [gene=RPS6KA3] [db_xref=GeneID:6197] [protein=ribosomal protein S6 kinase alpha-3 isoform X12] [protein_id=XP_005274634.1] [location=complement(join(20155398..20155520,20156109..20156249,20161644..20161761,20162964..20163040,20164899..20165060,20167589..20167747,20169402..20169491,20172746..20172868,20175164..20175288,20176250..20176352,20176434..20176498,20176996..20177084,20186296..20186366,20187828..20187970,20188497..20188534,20193487..20193593,20194189..20194268,20195065..20195145,20204022..20204103,20209288..20209404,20218800..20218838))] [gbkey=CDS]
RPS6KA3	2136	lcl|NC_000023.11_cds_XP_016885207.1_127840 [gene=RPS6KA3] [db_xref=GeneID:6197] [protein=ribosomal protein S6 kinase alpha-3 isoform X10] [protein_id=XP_016885207.1] [location=complement(join(20155398..20155520,20156109..20156249,20161644..20161761,20162964..20163040,20164899..20165060,20167589..20167747,20169402..20169491,20172746..20172871,20175164..20175288,20176250..20176352,20176434..20176498,20176996..20177084,20186296..20186366,20187828..20187970,20188497..20188534,20193487..20193593,20194189..20194268,20195065..20195145,20204022..20204103,20209288..20209404,20218800..20218838))] [gbkey=CDS]
RPS6KA3	2154	lcl|NC_000023.11_cds_XP_011543864.1_127841 [gene=RPS6KA3] [db_xref=GeneID:6197] [protein=ribosomal protein S6 kinase alpha-3 isoform X7] [protein_id=XP_011543864.1] [location=complement(join(20155398..20155520,20156109..20156249,20161644..20161761,20162964..20163040,20164899..20165060,20167589..20167747,20169402..20169491,20172746..20172871,20175164..20175288,20176250..20176352,20176434..20176516,20176996..20177084,20186296..20186366,20187828..20187970,20188497..20188534,20193487..20193593,20194189..20194268,20195065..20195145,20204022..20204103,20209288..20209404,20218800..20218838))] [gbkey=CDS]
RPS4X	792	lcl|NC_000023.11_cds_NP_000998.1_129348 [gene=RPS4X] [db_xref=CCDS:CCDS14418.1,Ensembl:ENSP00000362744.4,GeneID:6191] [protein=small ribosomal subunit protein eS4, X isoform] [protein_id=NP_000998.1] [location=complement(join(72272671..72272772,72273232..72273389,72273801..72273972,72275053..72275150,72275544..72275724,72276157..72276234,72277193..72277195))] [gbkey=CDS]
RPS6KA6	2238	lcl|NC_000023.11_cds_NP_055311.1_129505 [gene=RPS6KA6] [db_xref=CCDS:CCDS14451.1,Ensembl:ENSP00000262752.2,GeneID:27330] [protein=ribosomal protein S6 kinase alpha-6 isoform 2] [protein_id=NP_055311.1] [location=complement(join(84064277..84064402,84064971..84065111,84096194..84096311,84097772..84097848,84102037..84102198,84104499..84104657,84105787..84105876,84106365..84106487,84106910..84107040,84107623..84107725,84116229..84116287,84117060..84117148,84117384..84117454,84119885..84120027,84134782..84134819,84135104..84135210,84145478..84145557,84146978..84147058,84148042..84148123,84156075..84156191,84164328..84164387,84187819..84187899))] [gbkey=CDS]
RPS6KA6	2289	lcl|NC_000023.11_cds_XP_016884912.1_129506 [gene=RPS6KA6] [db_xref=GeneID:27330] [protein=ribosomal protein S6 kinase alpha-6 isoform X1] [protein_id=XP_016884912.1] [location=complement(join(84064277..84064402,84064971..84065111,84096194..84096311,84097772..84097848,84102037..84102198,84104499..84104657,84105787..84105876,84106365..84106487,84106910..84107040,84107623..84107725,84116229..84116287,84117060..84117148,84117384..84117454,84119885..84120027,84134782..84134819,84135104..84135210,84145478..84145557,84146978..84147058,84148042..84148123,84156075..84156191,84164328..84164387,84186061..84186192))] [gbkey=CDS]
RPS6KA6	2289	lcl|NC_000023.11_cds_XP_016884913.1_129507 [gene=RPS6KA6] [db_xref=GeneID:27330] [protein=ribosomal protein S6 kinase alpha-6 isoform X1] [protein_id=XP_016884913.1] [location=complement(join(84064277..84064402,84064971..84065111,84096194..84096311,84097772..84097848,84102037..84102198,84104499..84104657,84105787..84105876,84106365..84106487,84106910..84107040,84107623..84107725,84116229..84116287,84117060..84117148,84117384..84117454,84119885..84120027,84134782..84134819,84135104..84135210,84145478..84145557,84146978..84147058,84148042..84148123,84156075..84156191,84164328..84164387,84186061..84186192))] [gbkey=CDS]
RPS6KA6	2289	lcl|NC_000023.11_cds_XP_016884914.1_129508 [gene=RPS6KA6] [db_xref=GeneID:27330] [protein=ribosomal protein S6 kinase alpha-6 isoform X1] [protein_id=XP_016884914.1] [location=complement(join(84064277..84064402,84064971..84065111,84096194..84096311,84097772..84097848,84102037..84102198,84104499..84104657,84105787..84105876,84106365..84106487,84106910..84107040,84107623..84107725,84116229..84116287,84117060..84117148,84117384..84117454,84119885..84120027,84134782..84134819,84135104..84135210,84145478..84145557,84146978..84147058,84148042..84148123,84156075..84156191,84164328..84164387,84186061..84186192))] [gbkey=CDS]
RPS6KA6	2238	lcl|NC_000023.11_cds_NP_001317441.1_129509 [gene=RPS6KA6] [db_xref=CCDS:CCDS83480.1,GeneID:27330] [protein=ribosomal protein S6 kinase alpha-6 isoform 1] [protein_id=NP_001317441.1] [location=complement(join(84064277..84064402,84064971..84065111,84096194..84096311,84097772..84097848,84102037..84102198,84104499..84104657,84105787..84105876,84106365..84106487,84106910..84107040,84107623..84107725,84116229..84116287,84117060..84117148,84117384..84117454,84119885..84120027,84134782..84134819,84135104..84135210,84145478..84145557,84146978..84147058,84148042..84148123,84156075..84156191,84164328..84164387,84186061..84186141))] [gbkey=CDS]
RPS6KA6	2238	lcl|NC_000023.11_cds_XP_011529219.1_129510 [gene=RPS6KA6] [db_xref=GeneID:27330] [protein=ribosomal protein S6 kinase alpha-6 isoform X2] [protein_id=XP_011529219.1] [location=complement(join(84064277..84064402,84064971..84065111,84096194..84096311,84097772..84097848,84102037..84102198,84104499..84104657,84105787..84105876,84106365..84106487,84106910..84107040,84107623..84107725,84116229..84116287,84117060..84117148,84117384..84117454,84119885..84120027,84134782..84134819,84135104..84135210,84145478..84145557,84146978..84147058,84148042..84148123,84156075..84156191,84164328..84164387,84186061..84186141))] [gbkey=CDS]
RPS6KA6	2142	lcl|NC_000023.11_cds_XP_047297952.1_129511 [gene=RPS6KA6] [db_xref=GeneID:27330] [protein=ribosomal protein S6 kinase alpha-6 isoform X3] [protein_id=XP_047297952.1] [location=complement(join(84064277..84064402,84064971..84065111,84096194..84096311,84097772..84097848,84102037..84102198,84104499..84104657,84105787..84105876,84106365..84106487,84106910..84107040,84107623..84107725,84116229..84116287,84117060..84117148,84117384..84117454,84119885..84120027,84134782..84134819,84135104..84135210,84145478..84145557,84146978..84147058,84148042..84148123,84156075..84156191,84164328..84164372))] [gbkey=CDS]
RPS6KA6	2142	lcl|NC_000023.11_cds_XP_047297953.1_129512 [gene=RPS6KA6] [db_xref=GeneID:27330] [protein=ribosomal protein S6 kinase alpha-6 isoform X3] [protein_id=XP_047297953.1] [location=complement(join(84064277..84064402,84064971..84065111,84096194..84096311,84097772..84097848,84102037..84102198,84104499..84104657,84105787..84105876,84106365..84106487,84106910..84107040,84107623..84107725,84116229..84116287,84117060..84117148,84117384..84117454,84119885..84120027,84134782..84134819,84135104..84135210,84145478..84145557,84146978..84147058,84148042..84148123,84156075..84156191,84164328..84164372))] [gbkey=CDS]
RPS6KA6	1929	lcl|NC_000023.11_cds_XP_011529221.1_129513 [gene=RPS6KA6] [db_xref=GeneID:27330] [protein=ribosomal protein S6 kinase alpha-6 isoform X4] [protein_id=XP_011529221.1] [location=complement(join(84064277..84064402,84064971..84065111,84096194..84096311,84097772..84097848,84102037..84102198,84104499..84104657,84105787..84105876,84106365..84106487,84106910..84107040,84107623..84107725,84116229..84116287,84117060..84117148,84117384..84117454,84119885..84120027,84134782..84134819,84135104..84135210,84145478..84145557,84146978..84147058,84148042..84148072))] [gbkey=CDS]
RPS6KA6	1875	lcl|NC_000023.11_cds_XP_011529222.1_129514 [gene=RPS6KA6] [db_xref=GeneID:27330] [protein=ribosomal protein S6 kinase alpha-6 isoform X5] [protein_id=XP_011529222.1] [location=complement(join(84064277..84064402,84064971..84065111,84096194..84096311,84097772..84097848,84102037..84102198,84104499..84104657,84105787..84105876,84106365..84106487,84106910..84107040,84107623..84107725,84116229..84116287,84117060..84117148,84117384..84117454,84119885..84120027,84134782..84134819,84135104..84135210,84145478..84145557,84146978..84147035))] [gbkey=CDS]
RPL36A-HNRNPH2	357	lcl|NC_000023.11_cds_NP_001186902.2_129706 [gene=RPL36A-HNRNPH2] [db_xref=GeneID:100529097] [protein=RPL36A-HNRNPH2 protein isoform a] [protein_id=NP_001186902.2] [location=join(101391044..101391046,101391459..101391564,101391755..101391822,101395335..101395457,101411936..101411992)] [gbkey=CDS]
RPL36A-HNRNPH2	234	lcl|NC_000023.11_cds_NP_001186903.2_129707 [gene=RPL36A-HNRNPH2] [db_xref=GeneID:100529097] [protein=RPL36A-HNRNPH2 protein isoform b] [protein_id=NP_001186903.2] [location=join(101391044..101391046,101391459..101391564,101391755..101391822,101411936..101411992)] [gbkey=CDS]
RPL36A	321	lcl|NC_000023.11_cds_NP_066357.3_129708 [gene=RPL36A] [db_xref=CCDS:CCDS14483.3,Ensembl:ENSP00000446503.2,GeneID:6173] [protein=large ribosomal subunit protein eL42] [protein_id=NP_066357.3] [location=join(101391044..101391046,101391459..101391564,101391755..101391822,101395335..101395457,101395728..101395748)] [gbkey=CDS]
RPL39	156	lcl|NC_000023.11_cds_NP_000991.1_130296 [gene=RPL39] [db_xref=CCDS:CCDS14586.1,Ensembl:ENSP00000355315.3,GeneID:6170] [protein=large ribosomal subunit protein eL39] [protein_id=NP_000991.1] [location=complement(join(119786684..119786732,119789908..119790011,119791574..119791576))] [gbkey=CDS]
RPL10	651	lcl|NC_000023.11_cds_NP_001243506.2_131369 [gene=RPL10] [db_xref=GeneID:6134] [protein=large ribosomal subunit protein uL16 isoform b] [protein_id=NP_001243506.2] [location=join(154398520..154398542,154399338..154399396,154399487..154399594,154399803..154399941,154400702..154401023)] [gbkey=CDS]
RPL10	645	lcl|NC_000023.11_cds_NP_006004.3_131370 [gene=RPL10] [db_xref=CCDS:CCDS14746.1,Ensembl:ENSP00000358832.2,GeneID:6134] [protein=large ribosomal subunit protein uL16 isoform a] [protein_id=NP_006004.3] [location=join(154398520..154398542,154399338..154399396,154399487..154399594,154399803..154399941,154400464..154400626,154400702..154400854)] [gbkey=CDS]
RPL10	645	lcl|NC_000023.11_cds_NP_001290553.1_131371 [gene=RPL10] [db_xref=CCDS:CCDS14746.1,GeneID:6134] [protein=large ribosomal subunit protein uL16 isoform a] [protein_id=NP_001290553.1] [location=join(154398520..154398542,154399338..154399396,154399487..154399594,154399803..154399941,154400464..154400626,154400702..154400854)] [gbkey=CDS]
RPL10	645	lcl|NC_000023.11_cds_NP_001290554.1_131372 [gene=RPL10] [db_xref=CCDS:CCDS14746.1,GeneID:6134] [protein=large ribosomal subunit protein uL16 isoform a] [protein_id=NP_001290554.1] [location=join(154398520..154398542,154399338..154399396,154399487..154399594,154399803..154399941,154400464..154400626,154400702..154400854)] [gbkey=CDS]
RPL10	537	lcl|NC_000023.11_cds_NP_001243509.2_131373 [gene=RPL10] [db_xref=GeneID:6134] [protein=large ribosomal subunit protein uL16 isoform c] [protein_id=NP_001243509.2] [location=join(154398520..154398542,154399338..154399396,154399803..154399941,154400464..154400626,154400702..154400854)] [gbkey=CDS]
RPL10	438	lcl|NC_000023.11_cds_NP_001290555.1_131374 [gene=RPL10] [db_xref=GeneID:6134] [protein=large ribosomal subunit protein uL16 isoform d] [protein_id=NP_001290555.1] [location=join(154398520..154398542,154399338..154399396,154399487..154399594,154399803..154399941,154400475..154400583)] [gbkey=CDS]
RPS4Y1	792	lcl|NC_000024.10_cds_NP_000999.1_131625 [gene=RPS4Y1] [db_xref=CCDS:CCDS14773.1,Ensembl:ENSP00000250784.7,GeneID:6192] [protein=small ribosomal subunit protein eS4, Y isoform 1] [protein_id=NP_000999.1] [location=join(2841625..2841627,2842165..2842242,2844077..2844257,2845646..2845743,2854600..2854771,2865088..2865245,2866793..2866894)] [gbkey=CDS]
RPS4Y1	819	lcl|NC_000024.10_cds_XP_047298698.1_131626 [gene=RPS4Y1] [db_xref=GeneID:6192] [protein=small ribosomal subunit protein eS4, Y isoform X1] [protein_id=XP_047298698.1] [location=join(2841944..2841973,2842165..2842242,2844077..2844257,2845646..2845743,2854600..2854771,2865088..2865245,2866793..2866894)] [gbkey=CDS]
RPS4Y2	792	lcl|NC_000024.10_cds_NP_001034656.1_131811 [gene=RPS4Y2] [db_xref=CCDS:CCDS44028.1,Ensembl:ENSP00000486252.1,GeneID:140032] [protein=small ribosomal subunit protein eS4, Y isoform 2] [protein_id=NP_001034656.1] [location=join(20756164..20756166,20756778..20756855,20759868..20760048,20761284..20761381,20768805..20768976,20779509..20779666,20780931..20781032)] [gbkey=CDS]
RPS6KA1	2208	lcl|NW_009646195.1_cds_NP_002944.2_132156 [gene=RPS6KA1] [db_xref=GeneID:6195] [protein=ribosomal protein S6 kinase alpha-1 isoform a] [protein_id=NP_002944.2] [location=join(17539..17601,24543..24587,34485..34601,34807..34888,39015..39095,39262..39341,41009..41115,41832..41869,42214..42356,42769..42839,43155..43243,44272..44336,44616..44718,46425..46555,48344..48469,48663..48752,49123..49281,59067..59228,59467..59543,59794..59911,60842..60979,61697..61819)] [gbkey=CDS]
RPS6KA1	2160	lcl|NW_009646195.1_cds_NP_001317370.1_132157 [gene=RPS6KA1] [db_xref=GeneID:6195] [protein=ribosomal protein S6 kinase alpha-1 isoform c] [protein_id=NP_001317370.1] [location=join(30780..30839,34485..34601,34807..34888,39015..39095,39262..39341,41009..41115,41832..41869,42214..42356,42769..42839,43155..43243,44272..44336,44616..44718,46425..46555,48344..48469,48663..48752,49123..49281,59067..59228,59467..59543,59794..59911,60842..60979,61697..61819)] [gbkey=CDS]
RPS6KA1	2235	lcl|NW_009646195.1_cds_NP_001006666.1_132158 [gene=RPS6KA1] [db_xref=GeneID:6195] [protein=ribosomal protein S6 kinase alpha-1 isoform b] [protein_id=NP_001006666.1] [location=join(33519..33653,34485..34601,34807..34888,39015..39095,39262..39341,41009..41115,41832..41869,42214..42356,42769..42839,43155..43243,44272..44336,44616..44718,46425..46555,48344..48469,48663..48752,49123..49281,59067..59228,59467..59543,59794..59911,60842..60979,61697..61819)] [gbkey=CDS]
RPS6KA1	1755	lcl|NW_009646195.1_cds_XP_054187513.1_132159 [gene=RPS6KA1] [db_xref=GeneID:6195] [protein=ribosomal protein S6 kinase alpha-1 isoform X1] [protein_id=XP_054187513.1] [location=join(33519..33653,34485..34601,34807..34888,39015..39095,39262..39341,41009..41115,41832..41869,42214..42356,42769..42839,43155..43243,44272..44336,44616..44718,46425..46555,48344..48469,48663..48752,49123..49281,52965..53102)] [gbkey=CDS]
RPS6KA1	1932	lcl|NW_009646195.1_cds_XP_054187514.1_132160 [gene=RPS6KA1] [db_xref=GeneID:6195] [protein=ribosomal protein S6 kinase alpha-1 isoform X2] [protein_id=XP_054187514.1] [location=join(34858..34888,39015..39095,39262..39341,41009..41115,41832..41869,42214..42356,42769..42839,43155..43243,44272..44336,44616..44718,46425..46555,48344..48469,48663..48752,49123..49281,59067..59228,59467..59543,59794..59911,60842..60979,61697..61819)] [gbkey=CDS]
RPS3A	795	lcl|NW_025791772.1_cds_NP_000997.1_132854 [gene=RPS3A] [db_xref=GeneID:6189] [protein=small ribosomal subunit protein eS1 isoform 1] [protein_id=NP_000997.1] [location=join(36384..36445,37216..37319,37706..37893,39602..39810,40908..41017,41203..41324)] [gbkey=CDS]
RPS3A	177	lcl|NW_025791772.1_cds_NP_001254628.1_132855 [gene=RPS3A] [db_xref=GeneID:6189] [protein=small ribosomal subunit protein eS1 isoform 2] [protein_id=NP_001254628.1] [location=join(36384..36445,37216..37319,39602..39612)] [gbkey=CDS]
RPL7A	801	lcl|NW_009646201.1_cds_NP_000963.1_133835 [gene=RPL7A] [db_xref=GeneID:6130] [protein=large ribosomal subunit protein eL8] [protein_id=NP_000963.1] [location=join(174338..174340,175016..175136,175645..175794,176006..176146,176334..176413,176691..176821,177096..177165,177356..177460)] [gbkey=CDS]
RPS25	378	lcl|NW_009646203.1_cds_NP_001019.1_134328 [gene=RPS25] [db_xref=GeneID:6230] [protein=small ribosomal subunit protein eS25] [protein_id=NP_001019.1] [location=complement(join(37445..37539,38962..39145,39558..39653,39882..39884))] [gbkey=CDS]
RPL3L	1224	lcl|NW_025791799.1_cds_NP_005052.1_135283 [gene=RPL3L] [db_xref=GeneID:6123] [protein=ribosomal protein uL3-like] [protein_id=NP_005052.1] [location=complement(join(10985..11041,11647..11766,11983..12078,12773..12874,13086..13246,13342..13528,16992..17127,19022..19190,20104..20296,20777..20779))] [gbkey=CDS]
RPL3L	1239	lcl|NW_025791799.1_cds_XP_054189161.1_135284 [gene=RPL3L] [db_xref=GeneID:6123] [protein=ribosomal protein uL3-like isoform X1] [protein_id=XP_054189161.1] [location=complement(join(10985..11041,11647..11766,11983..12078,12773..12874,13086..13246,13342..13528,16992..17127,19022..19190,20104..20296,20762..20779))] [gbkey=CDS]
RPS2	882	lcl|NW_025791799.1_cds_NP_002943.2_135286 [gene=RPS2] [db_xref=GeneID:6187] [protein=small ribosomal subunit protein uS5] [protein_id=NP_002943.2] [location=complement(join(28246..28418,28645..28804,28884..29057,29297..29404,30424..30513,30597..30773))] [gbkey=CDS]
RPS17	408	lcl|NT_187606.1_cds_NP_001012.1_138647 [gene=RPS17] [db_xref=GeneID:6218] [protein=small ribosomal subunit protein eS17] [protein_id=NP_001012.1] [location=complement(join(325907..325987,327412..327477,327986..328091,329087..329238,329532..329534))] [gbkey=CDS]
RPS9	585	lcl|NW_003571054.1_cds_NP_001308631.1_139750 [gene=RPS9] [db_xref=GeneID:6203] [protein=small ribosomal subunit protein uS4 isoform a] [protein_id=NP_001308631.1] [location=join(175984..176080,176286..176408,181075..181261,182197..182374)] [gbkey=CDS]
RPS9	585	lcl|NW_003571054.1_cds_NP_001308633.1_139751 [gene=RPS9] [db_xref=GeneID:6203] [protein=small ribosomal subunit protein uS4 isoform a] [protein_id=NP_001308633.1] [location=join(175984..176080,176286..176408,181075..181261,182197..182374)] [gbkey=CDS]
RPS9	585	lcl|NW_003571054.1_cds_NP_001308630.1_139752 [gene=RPS9] [db_xref=GeneID:6203] [protein=small ribosomal subunit protein uS4 isoform a] [protein_id=NP_001308630.1] [location=join(175984..176080,176286..176408,181075..181261,182197..182374)] [gbkey=CDS]
RPS9	585	lcl|NW_003571054.1_cds_NP_001004.2_139753 [gene=RPS9] [db_xref=GeneID:6203] [protein=small ribosomal subunit protein uS4 isoform a] [protein_id=NP_001004.2] [location=join(175984..176080,176286..176408,181075..181261,182197..182374)] [gbkey=CDS]
RPS9	462	lcl|NW_003571054.1_cds_NP_001308634.1_139754 [gene=RPS9] [db_xref=GeneID:6203] [protein=small ribosomal subunit protein uS4 isoform b] [protein_id=NP_001308634.1] [location=join(175984..176080,181075..181261,182197..182374)] [gbkey=CDS]
RPS9	240	lcl|NW_003571054.1_cds_NP_001308635.1_139755 [gene=RPS9] [db_xref=GeneID:6203] [protein=small ribosomal subunit protein uS4 isoform c] [protein_id=NP_001308635.1] [location=join(175984..176080,176286..176408,182197..182216)] [gbkey=CDS]
RPS18	459	lcl|NT_113891.3_cds_NP_072045.1_140853 [gene=RPS18] [db_xref=GeneID:6222] [protein=small ribosomal subunit protein uS13] [protein_id=NP_072045.1] [location=join(4683601..4683603,4684109..4684207,4687278..4687364,4687446..4687547,4687657..4687748,4687872..4687947)] [gbkey=CDS]
RPS9	585	lcl|NW_003571055.2_cds_NP_001308631.1_141372 [gene=RPS9] [db_xref=GeneID:6203] [protein=small ribosomal subunit protein uS4 isoform a] [protein_id=NP_001308631.1] [location=join(176167..176263,176469..176591,181258..181444,182380..182557)] [gbkey=CDS]
RPS9	585	lcl|NW_003571055.2_cds_NP_001308633.1_141373 [gene=RPS9] [db_xref=GeneID:6203] [protein=small ribosomal subunit protein uS4 isoform a] [protein_id=NP_001308633.1] [location=join(176167..176263,176469..176591,181258..181444,182380..182557)] [gbkey=CDS]
RPS9	585	lcl|NW_003571055.2_cds_NP_001308630.1_141374 [gene=RPS9] [db_xref=GeneID:6203] [protein=small ribosomal subunit protein uS4 isoform a] [protein_id=NP_001308630.1] [location=join(176167..176263,176469..176591,181258..181444,182380..182557)] [gbkey=CDS]
RPS9	585	lcl|NW_003571055.2_cds_NP_001004.2_141375 [gene=RPS9] [db_xref=GeneID:6203] [protein=small ribosomal subunit protein uS4 isoform a] [protein_id=NP_001004.2] [location=join(176167..176263,176469..176591,181258..181444,182380..182557)] [gbkey=CDS]
RPS9	462	lcl|NW_003571055.2_cds_NP_001308634.1_141376 [gene=RPS9] [db_xref=GeneID:6203] [protein=small ribosomal subunit protein uS4 isoform b] [protein_id=NP_001308634.1] [location=join(176167..176263,181258..181444,182380..182557)] [gbkey=CDS]
RPS9	240	lcl|NW_003571055.2_cds_NP_001308635.1_141377 [gene=RPS9] [db_xref=GeneID:6203] [protein=small ribosomal subunit protein uS4 isoform c] [protein_id=NP_001308635.1] [location=join(176167..176263,176469..176591,182380..182399)] [gbkey=CDS]
RPS9	240	lcl|NW_003571055.2_cds_XP_054186175.1_141378 [gene=RPS9] [db_xref=GeneID:6203] [protein=small ribosomal subunit protein uS4 isoform X1] [protein_id=XP_054186175.1] [location=join(176167..176263,176469..176591,182380..182399)] [gbkey=CDS]
RPS9	240	lcl|NW_003571055.2_cds_XP_054186176.1_141379 [gene=RPS9] [db_xref=GeneID:6203] [protein=small ribosomal subunit protein uS4 isoform X1] [protein_id=XP_054186176.1] [location=join(176167..176263,176469..176591,182380..182399)] [gbkey=CDS]
RPS18	459	lcl|NT_167245.2_cds_NP_072045.1_142132 [gene=RPS18] [db_xref=GeneID:6222] [protein=small ribosomal subunit protein uS13] [protein_id=NP_072045.1] [location=join(4515634..4515636,4516142..4516240,4519311..4519397,4519479..4519580,4519690..4519781,4519905..4519980)] [gbkey=CDS]
RPS9	585	lcl|NW_003571056.2_cds_NP_001308631.1_142259 [gene=RPS9] [db_xref=GeneID:6203] [protein=small ribosomal subunit protein uS4 isoform a] [protein_id=NP_001308631.1] [location=join(176167..176263,176469..176591,181258..181444,182380..182557)] [gbkey=CDS]
RPS9	585	lcl|NW_003571056.2_cds_NP_001308633.1_142260 [gene=RPS9] [db_xref=GeneID:6203] [protein=small ribosomal subunit protein uS4 isoform a] [protein_id=NP_001308633.1] [location=join(176167..176263,176469..176591,181258..181444,182380..182557)] [gbkey=CDS]
RPS9	585	lcl|NW_003571056.2_cds_NP_001308630.1_142261 [gene=RPS9] [db_xref=GeneID:6203] [protein=small ribosomal subunit protein uS4 isoform a] [protein_id=NP_001308630.1] [location=join(176167..176263,176469..176591,181258..181444,182380..182557)] [gbkey=CDS]
RPS9	585	lcl|NW_003571056.2_cds_NP_001004.2_142262 [gene=RPS9] [db_xref=GeneID:6203] [protein=small ribosomal subunit protein uS4 isoform a] [protein_id=NP_001004.2] [location=join(176167..176263,176469..176591,181258..181444,182380..182557)] [gbkey=CDS]
RPS9	462	lcl|NW_003571056.2_cds_NP_001308634.1_142263 [gene=RPS9] [db_xref=GeneID:6203] [protein=small ribosomal subunit protein uS4 isoform b] [protein_id=NP_001308634.1] [location=join(176167..176263,181258..181444,182380..182557)] [gbkey=CDS]
RPS9	240	lcl|NW_003571056.2_cds_NP_001308635.1_142264 [gene=RPS9] [db_xref=GeneID:6203] [protein=small ribosomal subunit protein uS4 isoform c] [protein_id=NP_001308635.1] [location=join(176167..176263,176469..176591,182380..182399)] [gbkey=CDS]
RPS9	240	lcl|NW_003571056.2_cds_XP_054186472.1_142265 [gene=RPS9] [db_xref=GeneID:6203] [protein=small ribosomal subunit protein uS4 isoform X1] [protein_id=XP_054186472.1] [location=join(176167..176263,176469..176591,182380..182399)] [gbkey=CDS]
RPS9	585	lcl|NW_003571057.2_cds_NP_001308631.1_143002 [gene=RPS9] [db_xref=GeneID:6203] [protein=small ribosomal subunit protein uS4 isoform a] [protein_id=NP_001308631.1] [location=join(176167..176263,176469..176591,181258..181444,182380..182557)] [gbkey=CDS]
RPS9	585	lcl|NW_003571057.2_cds_NP_001308633.1_143003 [gene=RPS9] [db_xref=GeneID:6203] [protein=small ribosomal subunit protein uS4 isoform a] [protein_id=NP_001308633.1] [location=join(176167..176263,176469..176591,181258..181444,182380..182557)] [gbkey=CDS]
RPS9	585	lcl|NW_003571057.2_cds_NP_001308630.1_143004 [gene=RPS9] [db_xref=GeneID:6203] [protein=small ribosomal subunit protein uS4 isoform a] [protein_id=NP_001308630.1] [location=join(176167..176263,176469..176591,181258..181444,182380..182557)] [gbkey=CDS]
RPS9	585	lcl|NW_003571057.2_cds_NP_001004.2_143005 [gene=RPS9] [db_xref=GeneID:6203] [protein=small ribosomal subunit protein uS4 isoform a] [protein_id=NP_001004.2] [location=join(176167..176263,176469..176591,181258..181444,182380..182557)] [gbkey=CDS]
RPS9	462	lcl|NW_003571057.2_cds_NP_001308634.1_143006 [gene=RPS9] [db_xref=GeneID:6203] [protein=small ribosomal subunit protein uS4 isoform b] [protein_id=NP_001308634.1] [location=join(176167..176263,181258..181444,182380..182557)] [gbkey=CDS]
RPS9	240	lcl|NW_003571057.2_cds_NP_001308635.1_143007 [gene=RPS9] [db_xref=GeneID:6203] [protein=small ribosomal subunit protein uS4 isoform c] [protein_id=NP_001308635.1] [location=join(176167..176263,176469..176591,182380..182399)] [gbkey=CDS]
RPS9	240	lcl|NW_003571057.2_cds_XP_054186721.1_143008 [gene=RPS9] [db_xref=GeneID:6203] [protein=small ribosomal subunit protein uS4 isoform X1] [protein_id=XP_054186721.1] [location=join(176167..176263,176469..176591,182380..182399)] [gbkey=CDS]
RPS9	240	lcl|NW_003571057.2_cds_XP_054186722.1_143009 [gene=RPS9] [db_xref=GeneID:6203] [protein=small ribosomal subunit protein uS4 isoform X1] [protein_id=XP_054186722.1] [location=join(176167..176263,176469..176591,182380..182399)] [gbkey=CDS]
RPS18	459	lcl|NT_167247.2_cds_NP_072045.1_143659 [gene=RPS18] [db_xref=GeneID:6222] [protein=small ribosomal subunit protein uS13] [protein_id=NP_072045.1] [location=join(4708082..4708084,4708590..4708688,4711763..4711849,4711931..4712032,4712142..4712233,4712357..4712432)] [gbkey=CDS]
RPS9	585	lcl|NW_003571058.2_cds_NP_001308631.1_143763 [gene=RPS9] [db_xref=GeneID:6203] [protein=small ribosomal subunit protein uS4 isoform a] [protein_id=NP_001308631.1] [location=join(176167..176263,176469..176591,181258..181444,182380..182557)] [gbkey=CDS]
RPS9	585	lcl|NW_003571058.2_cds_NP_001308633.1_143764 [gene=RPS9] [db_xref=GeneID:6203] [protein=small ribosomal subunit protein uS4 isoform a] [protein_id=NP_001308633.1] [location=join(176167..176263,176469..176591,181258..181444,182380..182557)] [gbkey=CDS]
RPS9	585	lcl|NW_003571058.2_cds_NP_001308630.1_143765 [gene=RPS9] [db_xref=GeneID:6203] [protein=small ribosomal subunit protein uS4 isoform a] [protein_id=NP_001308630.1] [location=join(176167..176263,176469..176591,181258..181444,182380..182557)] [gbkey=CDS]
RPS9	585	lcl|NW_003571058.2_cds_NP_001004.2_143766 [gene=RPS9] [db_xref=GeneID:6203] [protein=small ribosomal subunit protein uS4 isoform a] [protein_id=NP_001004.2] [location=join(176167..176263,176469..176591,181258..181444,182380..182557)] [gbkey=CDS]
RPS9	462	lcl|NW_003571058.2_cds_NP_001308634.1_143767 [gene=RPS9] [db_xref=GeneID:6203] [protein=small ribosomal subunit protein uS4 isoform b] [protein_id=NP_001308634.1] [location=join(176167..176263,181258..181444,182380..182557)] [gbkey=CDS]
RPS9	240	lcl|NW_003571058.2_cds_NP_001308635.1_143768 [gene=RPS9] [db_xref=GeneID:6203] [protein=small ribosomal subunit protein uS4 isoform c] [protein_id=NP_001308635.1] [location=join(176167..176263,176469..176591,182380..182399)] [gbkey=CDS]
RPS9	240	lcl|NW_003571058.2_cds_XP_054186952.1_143769 [gene=RPS9] [db_xref=GeneID:6203] [protein=small ribosomal subunit protein uS4 isoform X1] [protein_id=XP_054186952.1] [location=join(176167..176263,176469..176591,182380..182399)] [gbkey=CDS]
RPS9	240	lcl|NW_003571058.2_cds_XP_054186953.1_143770 [gene=RPS9] [db_xref=GeneID:6203] [protein=small ribosomal subunit protein uS4 isoform X1] [protein_id=XP_054186953.1] [location=join(176167..176263,176469..176591,182380..182399)] [gbkey=CDS]
RPS18	459	lcl|NT_167248.2_cds_NP_072045.1_144468 [gene=RPS18] [db_xref=GeneID:6222] [protein=small ribosomal subunit protein uS13] [protein_id=NP_072045.1] [location=join(4466537..4466539,4467045..4467143,4470217..4470303,4470385..4470486,4470596..4470687,4470811..4470886)] [gbkey=CDS]
RPS9	585	lcl|NW_003571059.2_cds_NP_001308631.1_144584 [gene=RPS9] [db_xref=GeneID:6203] [protein=small ribosomal subunit protein uS4 isoform a] [protein_id=NP_001308631.1] [location=join(176167..176263,176469..176591,181258..181444,182380..182557)] [gbkey=CDS]
RPS9	585	lcl|NW_003571059.2_cds_NP_001308633.1_144585 [gene=RPS9] [db_xref=GeneID:6203] [protein=small ribosomal subunit protein uS4 isoform a] [protein_id=NP_001308633.1] [location=join(176167..176263,176469..176591,181258..181444,182380..182557)] [gbkey=CDS]
RPS9	585	lcl|NW_003571059.2_cds_NP_001308630.1_144586 [gene=RPS9] [db_xref=GeneID:6203] [protein=small ribosomal subunit protein uS4 isoform a] [protein_id=NP_001308630.1] [location=join(176167..176263,176469..176591,181258..181444,182380..182557)] [gbkey=CDS]
RPS9	585	lcl|NW_003571059.2_cds_NP_001004.2_144587 [gene=RPS9] [db_xref=GeneID:6203] [protein=small ribosomal subunit protein uS4 isoform a] [protein_id=NP_001004.2] [location=join(176167..176263,176469..176591,181258..181444,182380..182557)] [gbkey=CDS]
RPS9	462	lcl|NW_003571059.2_cds_NP_001308634.1_144588 [gene=RPS9] [db_xref=GeneID:6203] [protein=small ribosomal subunit protein uS4 isoform b] [protein_id=NP_001308634.1] [location=join(176167..176263,181258..181444,182380..182557)] [gbkey=CDS]
RPS9	240	lcl|NW_003571059.2_cds_NP_001308635.1_144589 [gene=RPS9] [db_xref=GeneID:6203] [protein=small ribosomal subunit protein uS4 isoform c] [protein_id=NP_001308635.1] [location=join(176167..176263,176469..176591,182380..182399)] [gbkey=CDS]
RPS9	240	lcl|NW_003571059.2_cds_XP_054187235.1_144590 [gene=RPS9] [db_xref=GeneID:6203] [protein=small ribosomal subunit protein uS4 isoform X1] [protein_id=XP_054187235.1] [location=join(176167..176263,176469..176591,182380..182399)] [gbkey=CDS]
RPS9	240	lcl|NW_003571059.2_cds_XP_054187236.1_144591 [gene=RPS9] [db_xref=GeneID:6203] [protein=small ribosomal subunit protein uS4 isoform X1] [protein_id=XP_054187236.1] [location=join(176167..176263,176469..176591,182380..182399)] [gbkey=CDS]
RPS9	585	lcl|NW_003571060.1_cds_NP_001308631.1_145265 [gene=RPS9] [db_xref=GeneID:6203] [protein=small ribosomal subunit protein uS4 isoform a] [protein_id=NP_001308631.1] [location=join(176157..176253,176459..176581,181247..181433,182369..182546)] [gbkey=CDS]
RPS9	585	lcl|NW_003571060.1_cds_NP_001308633.1_145266 [gene=RPS9] [db_xref=GeneID:6203] [protein=small ribosomal subunit protein uS4 isoform a] [protein_id=NP_001308633.1] [location=join(176157..176253,176459..176581,181247..181433,182369..182546)] [gbkey=CDS]
RPS9	585	lcl|NW_003571060.1_cds_NP_001308630.1_145267 [gene=RPS9] [db_xref=GeneID:6203] [protein=small ribosomal subunit protein uS4 isoform a] [protein_id=NP_001308630.1] [location=join(176157..176253,176459..176581,181247..181433,182369..182546)] [gbkey=CDS]
RPS9	585	lcl|NW_003571060.1_cds_NP_001004.2_145268 [gene=RPS9] [db_xref=GeneID:6203] [protein=small ribosomal subunit protein uS4 isoform a] [protein_id=NP_001004.2] [location=join(176157..176253,176459..176581,181247..181433,182369..182546)] [gbkey=CDS]
RPS9	462	lcl|NW_003571060.1_cds_NP_001308634.1_145269 [gene=RPS9] [db_xref=GeneID:6203] [protein=small ribosomal subunit protein uS4 isoform b] [protein_id=NP_001308634.1] [location=join(176157..176253,181247..181433,182369..182546)] [gbkey=CDS]
RPS9	240	lcl|NW_003571060.1_cds_NP_001308635.1_145270 [gene=RPS9] [db_xref=GeneID:6203] [protein=small ribosomal subunit protein uS4 isoform c] [protein_id=NP_001308635.1] [location=join(176157..176253,176459..176581,182369..182388)] [gbkey=CDS]
RPS9	240	lcl|NW_003571060.1_cds_XP_054187505.1_145271 [gene=RPS9] [db_xref=GeneID:6203] [protein=small ribosomal subunit protein uS4 isoform X1] [protein_id=XP_054187505.1] [location=join(176157..176253,176459..176581,182369..182388)] [gbkey=CDS]
RPS9	585	lcl|NW_003571061.2_cds_NP_001308631.1_145504 [gene=RPS9] [db_xref=GeneID:6203] [protein=small ribosomal subunit protein uS4 isoform a] [protein_id=NP_001308631.1] [location=join(176167..176263,176469..176591,181258..181444,182380..182557)] [gbkey=CDS]
RPS9	585	lcl|NW_003571061.2_cds_NP_001308633.1_145505 [gene=RPS9] [db_xref=GeneID:6203] [protein=small ribosomal subunit protein uS4 isoform a] [protein_id=NP_001308633.1] [location=join(176167..176263,176469..176591,181258..181444,182380..182557)] [gbkey=CDS]
RPS9	585	lcl|NW_003571061.2_cds_NP_001308630.1_145506 [gene=RPS9] [db_xref=GeneID:6203] [protein=small ribosomal subunit protein uS4 isoform a] [protein_id=NP_001308630.1] [location=join(176167..176263,176469..176591,181258..181444,182380..182557)] [gbkey=CDS]
RPS9	585	lcl|NW_003571061.2_cds_NP_001004.2_145507 [gene=RPS9] [db_xref=GeneID:6203] [protein=small ribosomal subunit protein uS4 isoform a] [protein_id=NP_001004.2] [location=join(176167..176263,176469..176591,181258..181444,182380..182557)] [gbkey=CDS]
RPS9	462	lcl|NW_003571061.2_cds_NP_001308634.1_145508 [gene=RPS9] [db_xref=GeneID:6203] [protein=small ribosomal subunit protein uS4 isoform b] [protein_id=NP_001308634.1] [location=join(176167..176263,181258..181444,182380..182557)] [gbkey=CDS]
RPS9	240	lcl|NW_003571061.2_cds_NP_001308635.1_145509 [gene=RPS9] [db_xref=GeneID:6203] [protein=small ribosomal subunit protein uS4 isoform c] [protein_id=NP_001308635.1] [location=join(176167..176263,176469..176591,182380..182399)] [gbkey=CDS]
RPS9	240	lcl|NW_003571061.2_cds_XP_054189549.1_145510 [gene=RPS9] [db_xref=GeneID:6203] [protein=small ribosomal subunit protein uS4 isoform X1] [protein_id=XP_054189549.1] [location=join(176167..176263,176469..176591,182380..182399)] [gbkey=CDS]
RPS9	240	lcl|NW_003571061.2_cds_XP_054189550.1_145511 [gene=RPS9] [db_xref=GeneID:6203] [protein=small ribosomal subunit protein uS4 isoform X1] [protein_id=XP_054189550.1] [location=join(176167..176263,176469..176591,182380..182399)] [gbkey=CDS]
RPS9	585	lcl|NT_187693.1_cds_NP_001308631.1_145683 [gene=RPS9] [db_xref=GeneID:6203] [protein=small ribosomal subunit protein uS4 isoform a] [protein_id=NP_001308631.1] [location=join(176167..176263,176469..176591,181258..181444,182380..182557)] [gbkey=CDS]
RPS9	585	lcl|NT_187693.1_cds_NP_001308633.1_145684 [gene=RPS9] [db_xref=GeneID:6203] [protein=small ribosomal subunit protein uS4 isoform a] [protein_id=NP_001308633.1] [location=join(176167..176263,176469..176591,181258..181444,182380..182557)] [gbkey=CDS]
RPS9	585	lcl|NT_187693.1_cds_NP_001308630.1_145685 [gene=RPS9] [db_xref=GeneID:6203] [protein=small ribosomal subunit protein uS4 isoform a] [protein_id=NP_001308630.1] [location=join(176167..176263,176469..176591,181258..181444,182380..182557)] [gbkey=CDS]
RPS9	585	lcl|NT_187693.1_cds_NP_001004.2_145686 [gene=RPS9] [db_xref=GeneID:6203] [protein=small ribosomal subunit protein uS4 isoform a] [protein_id=NP_001004.2] [location=join(176167..176263,176469..176591,181258..181444,182380..182557)] [gbkey=CDS]
RPS9	462	lcl|NT_187693.1_cds_NP_001308634.1_145687 [gene=RPS9] [db_xref=GeneID:6203] [protein=small ribosomal subunit protein uS4 isoform b] [protein_id=NP_001308634.1] [location=join(176167..176263,181258..181444,182380..182557)] [gbkey=CDS]
RPS9	240	lcl|NT_187693.1_cds_NP_001308635.1_145688 [gene=RPS9] [db_xref=GeneID:6203] [protein=small ribosomal subunit protein uS4 isoform c] [protein_id=NP_001308635.1] [location=join(176167..176263,176469..176591,182380..182399)] [gbkey=CDS]
RPS9	240	lcl|NT_187693.1_cds_XP_054189651.1_145689 [gene=RPS9] [db_xref=GeneID:6203] [protein=small ribosomal subunit protein uS4 isoform X1] [protein_id=XP_054189651.1] [location=join(176167..176263,176469..176591,182380..182399)] [gbkey=CDS]
RPS9	240	lcl|NT_187693.1_cds_XP_054189652.1_145690 [gene=RPS9] [db_xref=GeneID:6203] [protein=small ribosomal subunit protein uS4 isoform X1] [protein_id=XP_054189652.1] [location=join(176167..176263,176469..176591,182380..182399)] [gbkey=CDS]
